<?xml version="1.0" encoding="UTF-8" standalone="no" ?>
<?xml-stylesheet href="rptstyle.xsl" type="text/xsl" ?>
<doc>
<text>SmartTime Version 12.900.20.24</text>
<text>Microsemi Corporation - Microsemi Libero Software Release v12.6 (Version 12.900.20.24)
Date: Tue Nov 28 19:30:33 2023 </text>
<table>
<header>
</header>
<row>
 <cell>Design</cell>
 <cell>CDC3FF</cell>
</row>
<row>
 <cell>Family</cell>
 <cell>SmartFusion2</cell>
</row>
<row>
 <cell>Die</cell>
 <cell>M2S010</cell>
</row>
<row>
 <cell>Package</cell>
 <cell>144 TQ</cell>
</row>
<row>
 <cell>Temperature Range</cell>
 <cell>0 - 85 C</cell>
</row>
<row>
 <cell>Voltage Range</cell>
 <cell>1.14 - 1.26 V</cell>
</row>
<row>
 <cell>Speed Grade</cell>
 <cell>STD</cell>
</row>
</table>
<text></text>
<text></text>
<section>
<name>Coverage Summary</name>
<text></text>
<table>
<header>
 <cell>Type of check</cell>
 <cell>Constrained</cell>
 <cell>UnConstrained</cell>
 <cell>Total</cell>
</header>
<row>
 <cell>Setup</cell>
 <cell>            4</cell>
 <cell>            0</cell>
 <cell>            4</cell>
</row>
<row>
 <cell>Recovery</cell>
 <cell>            0</cell>
 <cell>            4</cell>
 <cell>            4</cell>
</row>
<row>
 <cell>Output Setup</cell>
 <cell>            0</cell>
 <cell>            1</cell>
 <cell>            1</cell>
</row>
<row>
 <cell>Total Setup</cell>
 <cell>            4</cell>
 <cell>            5</cell>
 <cell>            9</cell>
</row>
<separator/>
<row>
 <cell>Hold</cell>
 <cell>            4</cell>
 <cell>            0</cell>
 <cell>            4</cell>
</row>
<row>
 <cell>Removal</cell>
 <cell>            0</cell>
 <cell>            4</cell>
 <cell>            4</cell>
</row>
<row>
 <cell>Output Hold</cell>
 <cell>            0</cell>
 <cell>            1</cell>
 <cell>            1</cell>
</row>
<row>
 <cell>Total Hold</cell>
 <cell>            4</cell>
 <cell>            5</cell>
 <cell>            9</cell>
</row>
</table>
<section>
<name>Clock domain: </name>
<text>Aclk</text>
<text></text>
<table>
<header>
 <cell>Type of check</cell>
 <cell>Constrained</cell>
 <cell>UnConstrained</cell>
 <cell>Total</cell>
</header>
<row>
 <cell>Setup</cell>
 <cell>            1</cell>
 <cell>            0</cell>
 <cell>            1</cell>
</row>
<row>
 <cell>Recovery</cell>
 <cell>            0</cell>
 <cell>            1</cell>
 <cell>            1</cell>
</row>
<row>
 <cell>Output Setup</cell>
 <cell>            0</cell>
 <cell>            0</cell>
 <cell>            0</cell>
</row>
<row>
 <cell>Total Setup</cell>
 <cell>            1</cell>
 <cell>            1</cell>
 <cell>            2</cell>
</row>
<separator/>
<row>
 <cell>Hold</cell>
 <cell>            1</cell>
 <cell>            0</cell>
 <cell>            1</cell>
</row>
<row>
 <cell>Removal</cell>
 <cell>            0</cell>
 <cell>            1</cell>
 <cell>            1</cell>
</row>
<row>
 <cell>Output Hold</cell>
 <cell>            0</cell>
 <cell>            0</cell>
 <cell>            0</cell>
</row>
<row>
 <cell>Total Hold</cell>
 <cell>            1</cell>
 <cell>            1</cell>
 <cell>            2</cell>
</row>
</table>
<section>
<name>Enhancement Suggestions</name>
<text></text>
<text> - Max input delay constraint missing on port:</text>
<text>   </text>
<list>
 <item>reset</item>
</list>
<text></text>
<text> - Min input delay constraint missing on port:</text>
<text>   </text>
<list>
 <item>reset</item>
</list>
<text></text>
<text></text>
<text></text>
<text> - Recovery unconstrained for the following pin:</text>
<text>   </text>
<list>
 <item>data:ALn</item>
</list>
<text></text>
<text> - Removal unconstrained for the following pin:</text>
<text>   </text>
<list>
 <item>data:ALn</item>
</list>
<text></text>
</section>
</section>
<section>
<name>Clock domain: </name>
<text>Bclk</text>
<text></text>
<table>
<header>
 <cell>Type of check</cell>
 <cell>Constrained</cell>
 <cell>UnConstrained</cell>
 <cell>Total</cell>
</header>
<row>
 <cell>Setup</cell>
 <cell>            3</cell>
 <cell>            0</cell>
 <cell>            3</cell>
</row>
<row>
 <cell>Recovery</cell>
 <cell>            0</cell>
 <cell>            3</cell>
 <cell>            3</cell>
</row>
<row>
 <cell>Output Setup</cell>
 <cell>            0</cell>
 <cell>            1</cell>
 <cell>            1</cell>
</row>
<row>
 <cell>Total Setup</cell>
 <cell>            3</cell>
 <cell>            4</cell>
 <cell>            7</cell>
</row>
<separator/>
<row>
 <cell>Hold</cell>
 <cell>            3</cell>
 <cell>            0</cell>
 <cell>            3</cell>
</row>
<row>
 <cell>Removal</cell>
 <cell>            0</cell>
 <cell>            3</cell>
 <cell>            3</cell>
</row>
<row>
 <cell>Output Hold</cell>
 <cell>            0</cell>
 <cell>            1</cell>
 <cell>            1</cell>
</row>
<row>
 <cell>Total Hold</cell>
 <cell>            3</cell>
 <cell>            4</cell>
 <cell>            7</cell>
</row>
</table>
<section>
<name>Enhancement Suggestions</name>
<text></text>
<text> - Max input delay constraint missing on port:</text>
<text>   </text>
<list>
 <item>reset</item>
</list>
<text></text>
<text> - Min input delay constraint missing on port:</text>
<text>   </text>
<list>
 <item>reset</item>
</list>
<text></text>
<text></text>
<text> - Max output delay constraint missing on port:</text>
<text>   </text>
<list>
 <item>Dout</item>
</list>
<text></text>
<text> - Min output delay constraint missing on port:</text>
<text>   </text>
<list>
 <item>Dout</item>
</list>
<text></text>
<text></text>
<text> - Recovery unconstrained for the following pins:</text>
<text>   </text>
<list>
 <item>Dout_Z:ALn</item>
 <item>FF1_d:ALn</item>
 <item>FF2_d:ALn</item>
</list>
<text></text>
<text> - Removal unconstrained for the following pins:</text>
<text>   </text>
<list>
 <item>Dout_Z:ALn</item>
 <item>FF1_d:ALn</item>
 <item>FF2_d:ALn</item>
</list>
<text></text>
</section>
</section>
<section>
<name>Input to Output</name>
<table>
<header>
 <cell>Type of check</cell>
 <cell>Constrained</cell>
 <cell>UnConstrained</cell>
 <cell>Total</cell>
</header>
<row>
 <cell>Output Setup</cell>
 <cell>            0</cell>
 <cell>            0</cell>
 <cell>            0</cell>
</row>
<separator/>
<row>
 <cell>Output Hold</cell>
 <cell>            0</cell>
 <cell>            0</cell>
 <cell>            0</cell>
</row>
</table>
</section>
</section>
</doc>
