<?xml version="1.0" encoding="UTF-8" standalone="no" ?>
<?xml-stylesheet href="rptstyle.xsl" type="text/xsl" ?>
<doc>
<title>Global Net Report</title>
<text>Microsemi Corporation - Microsemi Libero Software Release v12.6 (Version 12.900.20.24)</text>
<text>Date: Tue Nov 28 19:30:45 2023
</text>
<section>
<name>Global Nets Information</name>
<table>
<header>
 <cell/>
 <cell> From </cell>
 <cell> GB Location </cell>
 <cell> Net Name </cell>
 <cell> Fanout </cell>
</header>
<row>
 <cell>1</cell>
 <cell>GB[1] </cell>
 <cell>(219, 54)</cell>
 <cell>Bclk_ibuf_RNI1GRC/U0_YNn</cell>
 <cell>3</cell>
</row>
</table>
<text></text>
</section>
<section>
<name>I/O to GB Connections</name>
<table>
<header>
 <cell/>
 <cell> Port Name </cell>
 <cell> Pin Number </cell>
 <cell> I/O Function </cell>
 <cell> From </cell>
 <cell> From Location </cell>
 <cell> To </cell>
 <cell> Net Name </cell>
 <cell> Net Type </cell>
 <cell> Fanout </cell>
</header>
<row>
 <cell>1</cell>
 <cell>Bclk</cell>
 <cell>20</cell>
 <cell>MSIO79PB7/GB1</cell>
 <cell>Bclk_ibuf/U0/U_IOPAD:Y</cell>
 <cell>(0, 64)</cell>
 <cell>GB[1] </cell>
 <cell>Bclk_ibuf_Z</cell>
 <cell>HARDWIRED</cell>
 <cell>2</cell>
</row>
</table>
<text></text>
</section>
<section>
<name>Fabric to GB Connections</name>
<text>(none)</text>
</section>
<section>
<name>CCC to GB Connections</name>
<text>(none)</text>
</section>
<section>
<name>CCC Input Connections</name>
<text>(none)</text>
</section>
<section>
<name>Local Nets to RGB Connections</name>
<text>(none)</text>
</section>
<section>
<name>Global Nets to RGB Connections</name>
<table>
<header>
 <cell/>
 <cell> From </cell>
 <cell> From Location </cell>
 <cell> Net Name </cell>
 <cell> Fanout </cell>
 <cell> </cell>
 <cell> RGB Location </cell>
 <cell> Local Fanout </cell>
</header>
<row>
 <cell>1</cell>
 <cell>GB[1] </cell>
 <cell>(219, 54)</cell>
 <cell>Bclk_ibuf_RNI1GRC/U0_YNn</cell>
 <cell>3</cell>
 <cell> </cell>
 <cell>(218, 96)</cell>
 <cell>3</cell>
</row>
</table>
<text></text>
</section>
<section>
<name>Warning: Local Clock Nets</name>
<text>The following clocks are routed using regular routing resources instead of dedicated global resources. Clocks using regular routing are more susceptible to noise than those using dedicated global resources. Microchip recommends promoting these signals to dedicated global resources.
</text>
<table>
<header>
 <cell/>
 <cell> From </cell>
 <cell> Driving Net </cell>
 <cell> To </cell>
</header>
<row>
 <cell>1</cell>
 <cell>Aclk</cell>
 <cell>Aclk_c</cell>
 <cell>data:CLK</cell>
</row>
</table>
</section>
</doc>
