<?xml version="1.0" encoding="UTF-8" standalone="no" ?>
<?xml-stylesheet href="rptstyle.xsl" type="text/xsl" ?>
<doc>
<title>Global Net Report</title>
<text>Microsemi Corporation - Microsemi Libero Software Release v12.6 (Version 12.900.20.24)</text>
<text>Date: Sat Oct 14 18:57:41 2023
</text>
<section>
<name>Global Nets Information</name>
<table>
<header>
 <cell/>
 <cell> From </cell>
 <cell> GB Location </cell>
 <cell> Net Name </cell>
 <cell> Fanout </cell>
</header>
<row>
 <cell>1</cell>
 <cell>GB[2] </cell>
 <cell>(220, 54)</cell>
 <cell>CP_ibuf_RNIO6T9/U0_YNn</cell>
 <cell>4</cell>
</row>
</table>
<text></text>
</section>
<section>
<name>I/O to GB Connections</name>
<table>
<header>
 <cell/>
 <cell> Port Name </cell>
 <cell> Pin Number </cell>
 <cell> I/O Function </cell>
 <cell> From </cell>
 <cell> From Location </cell>
 <cell> To </cell>
 <cell> Net Name </cell>
 <cell> Net Type </cell>
 <cell> Fanout </cell>
</header>
<row>
 <cell>1</cell>
 <cell>CP</cell>
 <cell>H1</cell>
 <cell>MSIO78PB7/GB2</cell>
 <cell>CP_ibuf/U0/U_IOPAD:Y</cell>
 <cell>(6, 64)</cell>
 <cell>GB[2] </cell>
 <cell>CP_ibuf_Z</cell>
 <cell>HARDWIRED</cell>
 <cell>2</cell>
</row>
</table>
<text></text>
</section>
<section>
<name>Fabric to GB Connections</name>
<text>(none)</text>
</section>
<section>
<name>CCC to GB Connections</name>
<text>(none)</text>
</section>
<section>
<name>CCC Input Connections</name>
<text>(none)</text>
</section>
<section>
<name>Local Nets to RGB Connections</name>
<text>(none)</text>
</section>
<section>
<name>Global Nets to RGB Connections</name>
<table>
<header>
 <cell/>
 <cell> From </cell>
 <cell> From Location </cell>
 <cell> Net Name </cell>
 <cell> Fanout </cell>
 <cell> </cell>
 <cell> RGB Location </cell>
 <cell> Local Fanout </cell>
</header>
<row>
 <cell>1</cell>
 <cell>GB[2] </cell>
 <cell>(220, 54)</cell>
 <cell>CP_ibuf_RNIO6T9/U0_YNn</cell>
 <cell>4</cell>
 <cell> </cell>
 <cell>(218, 99)</cell>
 <cell>4</cell>
</row>
</table>
<text></text>
</section>
</doc>
