<?xml version="1.0" encoding="UTF-8" standalone="no" ?>
<?xml-stylesheet href="rptstyle.xsl" type="text/xsl" ?>
<doc>
<title>Global Net Report</title>
<text>Microsemi Corporation - Microsemi Libero Software Release v12.6 (Version 12.900.20.24)</text>
<text>Date: Sat Nov 18 16:24:23 2023
</text>
<section>
<name>Global Nets Information</name>
<table>
<header>
 <cell/>
 <cell> From </cell>
 <cell> GB Location </cell>
 <cell> Net Name </cell>
 <cell> Fanout </cell>
</header>
<row>
 <cell>1</cell>
 <cell>GB[1] </cell>
 <cell>(219, 54)</cell>
 <cell>clk_ibuf_RNIVTI2/U0_YNn_GSouth</cell>
 <cell>16</cell>
</row>
<row>
 <cell>2</cell>
 <cell>GB[7] </cell>
 <cell>(225, 54)</cell>
 <cell>rst_n_ibuf_RNIBNDC/U0_YNn_GSouth</cell>
 <cell>16</cell>
</row>
</table>
<text></text>
</section>
<section>
<name>I/O to GB Connections</name>
<table>
<header>
 <cell/>
 <cell> Port Name </cell>
 <cell> Pin Number </cell>
 <cell> I/O Function </cell>
 <cell> From </cell>
 <cell> From Location </cell>
 <cell> To </cell>
 <cell> Net Name </cell>
 <cell> Net Type </cell>
 <cell> Fanout </cell>
</header>
<row>
 <cell>1</cell>
 <cell>clk</cell>
 <cell>20</cell>
 <cell>MSIO79PB7/GB1</cell>
 <cell>clk_ibuf/U0/U_IOPAD:Y</cell>
 <cell>(0, 64)</cell>
 <cell>GB[1] </cell>
 <cell>clk_ibuf/U0/YIN1</cell>
 <cell>HARDWIRED</cell>
 <cell>2</cell>
</row>
<row>
 <cell>2</cell>
 <cell>rst_n</cell>
 <cell>48</cell>
 <cell>MSIO104NB4/GB7</cell>
 <cell>rst_n_ibuf/U0/U_IOPAD:Y</cell>
 <cell>(261, 1)</cell>
 <cell>GB[7] </cell>
 <cell>rst_n_ibuf_Z</cell>
 <cell>HARDWIRED</cell>
 <cell>2</cell>
</row>
</table>
<text></text>
</section>
<section>
<name>Fabric to GB Connections</name>
<text>(none)</text>
</section>
<section>
<name>CCC to GB Connections</name>
<text>(none)</text>
</section>
<section>
<name>CCC Input Connections</name>
<text>(none)</text>
</section>
<section>
<name>Local Nets to RGB Connections</name>
<text>(none)</text>
</section>
<section>
<name>Global Nets to RGB Connections</name>
<table>
<header>
 <cell/>
 <cell> From </cell>
 <cell> From Location </cell>
 <cell> Net Name </cell>
 <cell> Fanout </cell>
 <cell> </cell>
 <cell> RGB Location </cell>
 <cell> Local Fanout </cell>
</header>
<row>
 <cell>1</cell>
 <cell>GB[1] </cell>
 <cell>(219, 54)</cell>
 <cell>clk_ibuf_RNIVTI2/U0_YNn_GSouth</cell>
 <cell>16</cell>
 <cell> </cell>
 <cell>(219, 3)</cell>
 <cell>16</cell>
</row>
<row>
 <cell>2</cell>
 <cell>GB[7] </cell>
 <cell>(225, 54)</cell>
 <cell>rst_n_ibuf_RNIBNDC/U0_YNn_GSouth</cell>
 <cell>16</cell>
 <cell> </cell>
 <cell>(218, 3)</cell>
 <cell>16</cell>
</row>
</table>
<text></text>
</section>
</doc>
