<?xml version="1.0" encoding="UTF-8" standalone="no" ?>
<?xml-stylesheet href="rptstyle.xsl" type="text/xsl" ?>
<doc>
<title>Timing Report Max Delay Analysis
</title>
<text>SmartTime Version 12.900.20.24</text>
<text>Microsemi Corporation - Microsemi Libero Software Release v12.6 (Version 12.900.20.24)</text>
<text>Date: Sat Nov 18 16:24:55 2023
</text>
<table>
<header>
</header>
<row>
 <cell>Design</cell>
 <cell>HW4_Q2C</cell>
</row>
<row>
 <cell>Family</cell>
 <cell>SmartFusion2</cell>
</row>
<row>
 <cell>Die</cell>
 <cell>M2S010</cell>
</row>
<row>
 <cell>Package</cell>
 <cell>144 TQ</cell>
</row>
<row>
 <cell>Temperature Range</cell>
 <cell>0 - 85 C</cell>
</row>
<row>
 <cell>Voltage Range</cell>
 <cell>1.14 - 1.26 V</cell>
</row>
<row>
 <cell>Speed Grade</cell>
 <cell>STD</cell>
</row>
<row>
 <cell>Design State</cell>
 <cell>Post-Layout</cell>
</row>
<row>
 <cell>Data source</cell>
 <cell>Production</cell>
</row>
<row>
 <cell>Min Operating Conditions</cell>
 <cell>BEST - 1.26 V - 0 C</cell>
</row>
<row>
 <cell>Max Operating Conditions</cell>
 <cell>WORST - 1.14 V - 85 C</cell>
</row>
<row>
 <cell>Scenario for Timing Analysis</cell>
 <cell>timing_analysis</cell>
</row>
</table>
<text></text>
<section>
<name>Summary</name>
<table>
<header>
 <cell>Clock Domain</cell>
 <cell>Period (ns)</cell>
 <cell>Frequency (MHz)</cell>
 <cell>Required Period (ns)</cell>
 <cell>Required Frequency (MHz)</cell>
 <cell>External Setup (ns)</cell>
 <cell>Max Clock-To-Out (ns)</cell>
</header>
<row>
 <cell>clk</cell>
 <cell>7.424</cell>
 <cell>134.698</cell>
 <cell>N/A</cell>
 <cell>N/A</cell>
 <cell>N/A</cell>
 <cell>8.518</cell>
</row>
</table>
<text></text>
<table>
<header>
 <cell></cell>
 <cell>Max Delay (ns)</cell>
</header>
<row>
 <cell>Input to Output</cell>
 <cell>10.137</cell>
</row>
</table>
</section>
<section>
<name>Clock Domain clk</name>
<text></text>
<section>
<name>SET Register to Register</name>
<table>
<header>
 <cell/>
 <cell>From</cell>
 <cell>To</cell>
 <cell>Delay (ns)</cell>
 <cell>Slack (ns)</cell>
 <cell>Arrival (ns)</cell>
 <cell>Required (ns)</cell>
 <cell>Setup (ns)</cell>
 <cell>Minimum Period (ns)</cell>
</header>
<row>
 <cell>Path 1</cell>
 <cell>Q[7]:CLK</cell>
 <cell>Q_skewed[0]:EN</cell>
 <cell>3.485</cell>
 <cell></cell>
 <cell>6.343</cell>
 <cell></cell>
 <cell>0.363</cell>
 <cell>7.424</cell>
</row>
<row>
 <cell>Path 2</cell>
 <cell>Q[10]:CLK</cell>
 <cell>Q_skewed[0]:EN</cell>
 <cell>3.317</cell>
 <cell></cell>
 <cell>6.163</cell>
 <cell></cell>
 <cell>0.363</cell>
 <cell>7.064</cell>
</row>
<row>
 <cell>Path 3</cell>
 <cell>Q[6]:CLK</cell>
 <cell>Q_skewed[0]:EN</cell>
 <cell>3.240</cell>
 <cell></cell>
 <cell>6.109</cell>
 <cell></cell>
 <cell>0.363</cell>
 <cell>6.956</cell>
</row>
<row>
 <cell>Path 4</cell>
 <cell>Q[5]:CLK</cell>
 <cell>Q_skewed[0]:EN</cell>
 <cell>3.244</cell>
 <cell></cell>
 <cell>6.102</cell>
 <cell></cell>
 <cell>0.363</cell>
 <cell>6.942</cell>
</row>
<row>
 <cell>Path 5</cell>
 <cell>Q[3]:CLK</cell>
 <cell>Q_skewed[0]:EN</cell>
 <cell>3.166</cell>
 <cell></cell>
 <cell>6.024</cell>
 <cell></cell>
 <cell>0.363</cell>
 <cell>6.786</cell>
</row>
</table>
<text></text>
<section><name>Expanded Path 1</name></section>
<table>
<header>
 <cell>Pin Name</cell>
 <cell>Type</cell>
 <cell>Net Name</cell>
 <cell>Cell Name</cell>
 <cell>Op</cell>
 <cell>Delay (ns)</cell>
 <cell>Total (ns)</cell>
 <cell>Fanout</cell>
 <cell>Edge</cell>
</header>
<row>
 <cell>From: Q[7]:CLK</cell>
 <cell></cell>
 <cell></cell>
 <cell></cell>
 <cell></cell>
 <cell></cell>
 <cell></cell>
 <cell></cell>
 <cell></cell>
</row>
<row>
 <cell>To: Q_skewed[0]:EN</cell>
 <cell></cell>
 <cell></cell>
 <cell></cell>
 <cell></cell>
 <cell></cell>
 <cell></cell>
 <cell></cell>
 <cell></cell>
</row>
<row>
 <cell>data required time</cell>
 <cell></cell>
 <cell></cell>
 <cell></cell>
 <cell></cell>
 <cell></cell>
 <cell>N/C</cell>
 <cell></cell>
 <cell></cell>
</row>
<row>
 <cell>data arrival time</cell>
 <cell></cell>
 <cell></cell>
 <cell></cell>
 <cell>-</cell>
 <cell></cell>
 <cell>6.343</cell>
 <cell></cell>
 <cell></cell>
</row>
<row>
 <cell>slack</cell>
 <cell></cell>
 <cell></cell>
 <cell></cell>
 <cell></cell>
 <cell></cell>
 <cell>N/C</cell>
 <cell></cell>
 <cell></cell>
</row>
<row>
</row>
<row>
 <cell>Data arrival time calculation</cell>
 <cell></cell>
 <cell></cell>
 <cell></cell>
 <cell></cell>
 <cell></cell>
 <cell></cell>
 <cell></cell>
 <cell></cell>
</row>
<row>
 <cell>clk</cell>
 <cell></cell>
 <cell></cell>
 <cell></cell>
 <cell></cell>
 <cell>0.000</cell>
 <cell>0.000</cell>
 <cell></cell>
 <cell></cell>
</row>
<row>
 <cell>clk</cell>
 <cell>Clock source</cell>
 <cell></cell>
 <cell></cell>
 <cell>+</cell>
 <cell>0.000</cell>
 <cell>0.000</cell>
 <cell></cell>
 <cell>r</cell>
</row>
<row>
 <cell>clk_ibuf/U0/U_IOPAD:PAD</cell>
 <cell>net</cell>
 <cell>clk</cell>
 <cell></cell>
 <cell>+</cell>
 <cell>0.000</cell>
 <cell>0.000</cell>
 <cell></cell>
 <cell>r</cell>
</row>
<row>
 <cell>clk_ibuf/U0/U_IOPAD:Y</cell>
 <cell>cell</cell>
 <cell></cell>
 <cell>ADLIB:IOPAD_IN</cell>
 <cell>+</cell>
 <cell>1.497</cell>
 <cell>1.497</cell>
 <cell>2</cell>
 <cell>r</cell>
</row>
<row>
 <cell>clk_ibuf_RNIVTI2:An</cell>
 <cell>net</cell>
 <cell>clk_ibuf/U0/YIN1</cell>
 <cell></cell>
 <cell>+</cell>
 <cell>0.063</cell>
 <cell>1.560</cell>
 <cell></cell>
 <cell>f</cell>
</row>
<row>
 <cell>clk_ibuf_RNIVTI2:YSn</cell>
 <cell>cell</cell>
 <cell></cell>
 <cell>ADLIB:GB</cell>
 <cell>+</cell>
 <cell>0.101</cell>
 <cell>1.661</cell>
 <cell>1</cell>
 <cell>f</cell>
</row>
<row>
 <cell>clk_ibuf_RNIVTI2/U0_RGB1:An</cell>
 <cell>net</cell>
 <cell>clk_ibuf_RNIVTI2/U0_YNn_GSouth</cell>
 <cell></cell>
 <cell>+</cell>
 <cell>0.340</cell>
 <cell>2.001</cell>
 <cell></cell>
 <cell>f</cell>
</row>
<row>
 <cell>clk_ibuf_RNIVTI2/U0_RGB1:YR</cell>
 <cell>cell</cell>
 <cell></cell>
 <cell>ADLIB:RGB</cell>
 <cell>+</cell>
 <cell>0.295</cell>
 <cell>2.296</cell>
 <cell>16</cell>
 <cell>r</cell>
</row>
<row>
 <cell>Q[7]:CLK</cell>
 <cell>net</cell>
 <cell>clk_ibuf_RNIVTI2/U0_RGB1_YR</cell>
 <cell></cell>
 <cell>+</cell>
 <cell>0.562</cell>
 <cell>2.858</cell>
 <cell></cell>
 <cell>r</cell>
</row>
<row>
 <cell>Q[7]:Q</cell>
 <cell>cell</cell>
 <cell></cell>
 <cell>ADLIB:SLE</cell>
 <cell>+</cell>
 <cell>0.127</cell>
 <cell>2.985</cell>
 <cell>5</cell>
 <cell>f</cell>
</row>
<row>
 <cell>Q_skewed7_8:A</cell>
 <cell>net</cell>
 <cell>q_c[7]</cell>
 <cell></cell>
 <cell>+</cell>
 <cell>0.884</cell>
 <cell>3.869</cell>
 <cell></cell>
 <cell>f</cell>
</row>
<row>
 <cell>Q_skewed7_8:Y</cell>
 <cell>cell</cell>
 <cell></cell>
 <cell>ADLIB:CFG4</cell>
 <cell>+</cell>
 <cell>0.338</cell>
 <cell>4.207</cell>
 <cell>2</cell>
 <cell>f</cell>
</row>
<row>
 <cell>Q_skewed7:C</cell>
 <cell>net</cell>
 <cell>Q_skewed7_8_Z</cell>
 <cell></cell>
 <cell>+</cell>
 <cell>0.507</cell>
 <cell>4.714</cell>
 <cell></cell>
 <cell>f</cell>
</row>
<row>
 <cell>Q_skewed7:Y</cell>
 <cell>cell</cell>
 <cell></cell>
 <cell>ADLIB:CFG3</cell>
 <cell>+</cell>
 <cell>0.193</cell>
 <cell>4.907</cell>
 <cell>1</cell>
 <cell>f</cell>
</row>
<row>
 <cell>Q_skewed[0]:EN</cell>
 <cell>net</cell>
 <cell>Q_skewed7_Z</cell>
 <cell></cell>
 <cell>+</cell>
 <cell>1.436</cell>
 <cell>6.343</cell>
 <cell></cell>
 <cell>f</cell>
</row>
<row>
 <cell>data arrival time</cell>
 <cell></cell>
 <cell></cell>
 <cell></cell>
 <cell></cell>
 <cell></cell>
 <cell>6.343</cell>
 <cell></cell>
 <cell></cell>
</row>
<row>
</row>
<row>
 <cell>Data required time calculation</cell>
 <cell></cell>
 <cell></cell>
 <cell></cell>
 <cell></cell>
 <cell></cell>
 <cell></cell>
 <cell></cell>
 <cell></cell>
</row>
<row>
 <cell>clk</cell>
 <cell></cell>
 <cell></cell>
 <cell></cell>
 <cell></cell>
 <cell>N/C</cell>
 <cell>N/C</cell>
 <cell></cell>
 <cell></cell>
</row>
<row>
 <cell>clk</cell>
 <cell>Clock source</cell>
 <cell></cell>
 <cell></cell>
 <cell>+</cell>
 <cell>0.000</cell>
 <cell>N/C</cell>
 <cell></cell>
 <cell>f</cell>
</row>
<row>
 <cell>clk_ibuf/U0/U_IOPAD:PAD</cell>
 <cell>net</cell>
 <cell>clk</cell>
 <cell></cell>
 <cell>+</cell>
 <cell>0.000</cell>
 <cell>N/C</cell>
 <cell></cell>
 <cell>f</cell>
</row>
<row>
 <cell>clk_ibuf/U0/U_IOPAD:Y</cell>
 <cell>cell</cell>
 <cell></cell>
 <cell>ADLIB:IOPAD_IN</cell>
 <cell>+</cell>
 <cell>1.647</cell>
 <cell>N/C</cell>
 <cell>2</cell>
 <cell>f</cell>
</row>
<row>
 <cell>clk_ibuf_RNIVTI2:An</cell>
 <cell>net</cell>
 <cell>clk_ibuf/U0/YIN1</cell>
 <cell></cell>
 <cell>+</cell>
 <cell>0.116</cell>
 <cell>N/C</cell>
 <cell></cell>
 <cell>r</cell>
</row>
<row>
 <cell>clk_ibuf_RNIVTI2:YSn</cell>
 <cell>cell</cell>
 <cell></cell>
 <cell>ADLIB:GB</cell>
 <cell>+</cell>
 <cell>0.096</cell>
 <cell>N/C</cell>
 <cell>1</cell>
 <cell>r</cell>
</row>
<row>
 <cell>clk_ibuf_RNIVTI2/U0_RGB1:An</cell>
 <cell>net</cell>
 <cell>clk_ibuf_RNIVTI2/U0_YNn_GSouth</cell>
 <cell></cell>
 <cell>+</cell>
 <cell>0.330</cell>
 <cell>N/C</cell>
 <cell></cell>
 <cell>r</cell>
</row>
<row>
 <cell>clk_ibuf_RNIVTI2/U0_RGB1:YR</cell>
 <cell>cell</cell>
 <cell></cell>
 <cell>ADLIB:RGB</cell>
 <cell>+</cell>
 <cell>0.214</cell>
 <cell>N/C</cell>
 <cell>16</cell>
 <cell>f</cell>
</row>
<row>
 <cell>Q_skewed[0]:CLK</cell>
 <cell>net</cell>
 <cell>clk_ibuf_RNIVTI2/U0_RGB1_YR</cell>
 <cell></cell>
 <cell>+</cell>
 <cell>0.591</cell>
 <cell>N/C</cell>
 <cell></cell>
 <cell>r</cell>
</row>
<row>
 <cell>Q_skewed[0]:EN</cell>
 <cell>Library setup time</cell>
 <cell></cell>
 <cell>ADLIB:SLE</cell>
 <cell>-</cell>
 <cell>0.363</cell>
 <cell>N/C</cell>
 <cell></cell>
 <cell></cell>
</row>
<row>
</row>
</table>
</section>
<section>
<name>SET External Setup</name>
<text>No Path</text>
</section>
<section>
<name>SET Clock to Output</name>
<table>
<header>
 <cell/>
 <cell>From</cell>
 <cell>To</cell>
 <cell>Delay (ns)</cell>
 <cell>Slack (ns)</cell>
 <cell>Arrival (ns)</cell>
 <cell>Required (ns)</cell>
 <cell>Clock to Out (ns)</cell>
</header>
<row>
 <cell>Path 1</cell>
 <cell>Q[7]:CLK</cell>
 <cell>q[7]</cell>
 <cell>5.660</cell>
 <cell></cell>
 <cell>8.518</cell>
 <cell></cell>
 <cell>8.518</cell>
</row>
<row>
 <cell>Path 2</cell>
 <cell>Q[4]:CLK</cell>
 <cell>q[4]</cell>
 <cell>5.624</cell>
 <cell></cell>
 <cell>8.493</cell>
 <cell></cell>
 <cell>8.493</cell>
</row>
<row>
 <cell>Path 3</cell>
 <cell>Q_skewed[1]:CLK</cell>
 <cell>q[13]</cell>
 <cell>5.458</cell>
 <cell></cell>
 <cell>8.470</cell>
 <cell></cell>
 <cell>8.470</cell>
</row>
<row>
 <cell>Path 4</cell>
 <cell>Q[5]:CLK</cell>
 <cell>q[5]</cell>
 <cell>5.609</cell>
 <cell></cell>
 <cell>8.467</cell>
 <cell></cell>
 <cell>8.467</cell>
</row>
<row>
 <cell>Path 5</cell>
 <cell>Q_skewed[2]:CLK</cell>
 <cell>q[14]</cell>
 <cell>5.444</cell>
 <cell></cell>
 <cell>8.456</cell>
 <cell></cell>
 <cell>8.456</cell>
</row>
</table>
<text></text>
<section><name>Expanded Path 1</name></section>
<table>
<header>
 <cell>Pin Name</cell>
 <cell>Type</cell>
 <cell>Net Name</cell>
 <cell>Cell Name</cell>
 <cell>Op</cell>
 <cell>Delay (ns)</cell>
 <cell>Total (ns)</cell>
 <cell>Fanout</cell>
 <cell>Edge</cell>
</header>
<row>
 <cell>From: Q[7]:CLK</cell>
 <cell></cell>
 <cell></cell>
 <cell></cell>
 <cell></cell>
 <cell></cell>
 <cell></cell>
 <cell></cell>
 <cell></cell>
</row>
<row>
 <cell>To: q[7]</cell>
 <cell></cell>
 <cell></cell>
 <cell></cell>
 <cell></cell>
 <cell></cell>
 <cell></cell>
 <cell></cell>
 <cell></cell>
</row>
<row>
 <cell>data required time</cell>
 <cell></cell>
 <cell></cell>
 <cell></cell>
 <cell></cell>
 <cell></cell>
 <cell>N/C</cell>
 <cell></cell>
 <cell></cell>
</row>
<row>
 <cell>data arrival time</cell>
 <cell></cell>
 <cell></cell>
 <cell></cell>
 <cell>-</cell>
 <cell></cell>
 <cell>8.518</cell>
 <cell></cell>
 <cell></cell>
</row>
<row>
 <cell>slack</cell>
 <cell></cell>
 <cell></cell>
 <cell></cell>
 <cell></cell>
 <cell></cell>
 <cell>N/C</cell>
 <cell></cell>
 <cell></cell>
</row>
<row>
</row>
<row>
 <cell>Data arrival time calculation</cell>
 <cell></cell>
 <cell></cell>
 <cell></cell>
 <cell></cell>
 <cell></cell>
 <cell></cell>
 <cell></cell>
 <cell></cell>
</row>
<row>
 <cell>clk</cell>
 <cell></cell>
 <cell></cell>
 <cell></cell>
 <cell></cell>
 <cell>0.000</cell>
 <cell>0.000</cell>
 <cell></cell>
 <cell></cell>
</row>
<row>
 <cell>clk</cell>
 <cell>Clock source</cell>
 <cell></cell>
 <cell></cell>
 <cell>+</cell>
 <cell>0.000</cell>
 <cell>0.000</cell>
 <cell></cell>
 <cell>r</cell>
</row>
<row>
 <cell>clk_ibuf/U0/U_IOPAD:PAD</cell>
 <cell>net</cell>
 <cell>clk</cell>
 <cell></cell>
 <cell>+</cell>
 <cell>0.000</cell>
 <cell>0.000</cell>
 <cell></cell>
 <cell>r</cell>
</row>
<row>
 <cell>clk_ibuf/U0/U_IOPAD:Y</cell>
 <cell>cell</cell>
 <cell></cell>
 <cell>ADLIB:IOPAD_IN</cell>
 <cell>+</cell>
 <cell>1.497</cell>
 <cell>1.497</cell>
 <cell>2</cell>
 <cell>r</cell>
</row>
<row>
 <cell>clk_ibuf_RNIVTI2:An</cell>
 <cell>net</cell>
 <cell>clk_ibuf/U0/YIN1</cell>
 <cell></cell>
 <cell>+</cell>
 <cell>0.063</cell>
 <cell>1.560</cell>
 <cell></cell>
 <cell>f</cell>
</row>
<row>
 <cell>clk_ibuf_RNIVTI2:YSn</cell>
 <cell>cell</cell>
 <cell></cell>
 <cell>ADLIB:GB</cell>
 <cell>+</cell>
 <cell>0.101</cell>
 <cell>1.661</cell>
 <cell>1</cell>
 <cell>f</cell>
</row>
<row>
 <cell>clk_ibuf_RNIVTI2/U0_RGB1:An</cell>
 <cell>net</cell>
 <cell>clk_ibuf_RNIVTI2/U0_YNn_GSouth</cell>
 <cell></cell>
 <cell>+</cell>
 <cell>0.340</cell>
 <cell>2.001</cell>
 <cell></cell>
 <cell>f</cell>
</row>
<row>
 <cell>clk_ibuf_RNIVTI2/U0_RGB1:YR</cell>
 <cell>cell</cell>
 <cell></cell>
 <cell>ADLIB:RGB</cell>
 <cell>+</cell>
 <cell>0.295</cell>
 <cell>2.296</cell>
 <cell>16</cell>
 <cell>r</cell>
</row>
<row>
 <cell>Q[7]:CLK</cell>
 <cell>net</cell>
 <cell>clk_ibuf_RNIVTI2/U0_RGB1_YR</cell>
 <cell></cell>
 <cell>+</cell>
 <cell>0.562</cell>
 <cell>2.858</cell>
 <cell></cell>
 <cell>r</cell>
</row>
<row>
 <cell>Q[7]:Q</cell>
 <cell>cell</cell>
 <cell></cell>
 <cell>ADLIB:SLE</cell>
 <cell>+</cell>
 <cell>0.127</cell>
 <cell>2.985</cell>
 <cell>5</cell>
 <cell>f</cell>
</row>
<row>
 <cell>q_obuf[7]/U0/U_IOOUTFF:A</cell>
 <cell>net</cell>
 <cell>q_c[7]</cell>
 <cell></cell>
 <cell>+</cell>
 <cell>1.498</cell>
 <cell>4.483</cell>
 <cell></cell>
 <cell>f</cell>
</row>
<row>
 <cell>q_obuf[7]/U0/U_IOOUTFF:Y</cell>
 <cell>cell</cell>
 <cell></cell>
 <cell>ADLIB:IOOUTFF_BYPASS</cell>
 <cell>+</cell>
 <cell>0.388</cell>
 <cell>4.871</cell>
 <cell>1</cell>
 <cell>f</cell>
</row>
<row>
 <cell>q_obuf[7]/U0/U_IOPAD:D</cell>
 <cell>net</cell>
 <cell>q_obuf[7]/U0/DOUT</cell>
 <cell></cell>
 <cell>+</cell>
 <cell>0.469</cell>
 <cell>5.340</cell>
 <cell></cell>
 <cell>f</cell>
</row>
<row>
 <cell>q_obuf[7]/U0/U_IOPAD:PAD</cell>
 <cell>cell</cell>
 <cell></cell>
 <cell>ADLIB:IOPAD_TRI</cell>
 <cell>+</cell>
 <cell>3.178</cell>
 <cell>8.518</cell>
 <cell>0</cell>
 <cell>f</cell>
</row>
<row>
 <cell>q[7]</cell>
 <cell>net</cell>
 <cell>q[7]</cell>
 <cell></cell>
 <cell>+</cell>
 <cell>0.000</cell>
 <cell>8.518</cell>
 <cell></cell>
 <cell>f</cell>
</row>
<row>
 <cell>data arrival time</cell>
 <cell></cell>
 <cell></cell>
 <cell></cell>
 <cell></cell>
 <cell></cell>
 <cell>8.518</cell>
 <cell></cell>
 <cell></cell>
</row>
<row>
</row>
<row>
 <cell>Data required time calculation</cell>
 <cell></cell>
 <cell></cell>
 <cell></cell>
 <cell></cell>
 <cell></cell>
 <cell></cell>
 <cell></cell>
 <cell></cell>
</row>
<row>
 <cell>clk</cell>
 <cell></cell>
 <cell></cell>
 <cell></cell>
 <cell></cell>
 <cell>N/C</cell>
 <cell>N/C</cell>
 <cell></cell>
 <cell></cell>
</row>
<row>
 <cell>clk</cell>
 <cell>Clock source</cell>
 <cell></cell>
 <cell></cell>
 <cell>+</cell>
 <cell>0.000</cell>
 <cell>N/C</cell>
 <cell></cell>
 <cell>r</cell>
</row>
<row>
 <cell>q[7]</cell>
 <cell></cell>
 <cell></cell>
 <cell></cell>
 <cell></cell>
 <cell></cell>
 <cell>N/C</cell>
 <cell></cell>
 <cell>f</cell>
</row>
<row>
</row>
</table>
</section>
<section>
<name>SET Register to Asynchronous</name>
<text>No Path</text>
</section>
<section>
<name>SET External Recovery</name>
<table>
<header>
 <cell/>
 <cell>From</cell>
 <cell>To</cell>
 <cell>Delay (ns)</cell>
 <cell>Slack (ns)</cell>
 <cell>Arrival (ns)</cell>
 <cell>Required (ns)</cell>
 <cell>Recovery (ns)</cell>
 <cell>External Recovery (ns)</cell>
</header>
<row>
 <cell>Path 1</cell>
 <cell>rst_n</cell>
 <cell>Q[1]:ALn</cell>
 <cell>3.129</cell>
 <cell></cell>
 <cell>3.129</cell>
 <cell></cell>
 <cell>0.415</cell>
 <cell>0.772</cell>
</row>
<row>
 <cell>Path 2</cell>
 <cell>rst_n</cell>
 <cell>Q[3]:ALn</cell>
 <cell>3.129</cell>
 <cell></cell>
 <cell>3.129</cell>
 <cell></cell>
 <cell>0.415</cell>
 <cell>0.772</cell>
</row>
<row>
 <cell>Path 3</cell>
 <cell>rst_n</cell>
 <cell>Q[5]:ALn</cell>
 <cell>3.129</cell>
 <cell></cell>
 <cell>3.129</cell>
 <cell></cell>
 <cell>0.415</cell>
 <cell>0.772</cell>
</row>
<row>
 <cell>Path 4</cell>
 <cell>rst_n</cell>
 <cell>Q[7]:ALn</cell>
 <cell>3.129</cell>
 <cell></cell>
 <cell>3.129</cell>
 <cell></cell>
 <cell>0.415</cell>
 <cell>0.772</cell>
</row>
<row>
 <cell>Path 5</cell>
 <cell>rst_n</cell>
 <cell>Q[11]:ALn</cell>
 <cell>3.100</cell>
 <cell></cell>
 <cell>3.100</cell>
 <cell></cell>
 <cell>0.415</cell>
 <cell>0.765</cell>
</row>
</table>
<text></text>
<section><name>Expanded Path 1</name></section>
<table>
<header>
 <cell>Pin Name</cell>
 <cell>Type</cell>
 <cell>Net Name</cell>
 <cell>Cell Name</cell>
 <cell>Op</cell>
 <cell>Delay (ns)</cell>
 <cell>Total (ns)</cell>
 <cell>Fanout</cell>
 <cell>Edge</cell>
</header>
<row>
 <cell>From: rst_n</cell>
 <cell></cell>
 <cell></cell>
 <cell></cell>
 <cell></cell>
 <cell></cell>
 <cell></cell>
 <cell></cell>
 <cell></cell>
</row>
<row>
 <cell>To: Q[1]:ALn</cell>
 <cell></cell>
 <cell></cell>
 <cell></cell>
 <cell></cell>
 <cell></cell>
 <cell></cell>
 <cell></cell>
 <cell></cell>
</row>
<row>
 <cell>data required time</cell>
 <cell></cell>
 <cell></cell>
 <cell></cell>
 <cell></cell>
 <cell></cell>
 <cell>N/C</cell>
 <cell></cell>
 <cell></cell>
</row>
<row>
 <cell>data arrival time</cell>
 <cell></cell>
 <cell></cell>
 <cell></cell>
 <cell>-</cell>
 <cell></cell>
 <cell>3.129</cell>
 <cell></cell>
 <cell></cell>
</row>
<row>
 <cell>slack</cell>
 <cell></cell>
 <cell></cell>
 <cell></cell>
 <cell></cell>
 <cell></cell>
 <cell>N/C</cell>
 <cell></cell>
 <cell></cell>
</row>
<row>
</row>
<row>
 <cell>Data arrival time calculation</cell>
 <cell></cell>
 <cell></cell>
 <cell></cell>
 <cell></cell>
 <cell></cell>
 <cell></cell>
 <cell></cell>
 <cell></cell>
</row>
<row>
 <cell>rst_n</cell>
 <cell></cell>
 <cell></cell>
 <cell></cell>
 <cell></cell>
 <cell>0.000</cell>
 <cell>0.000</cell>
 <cell></cell>
 <cell>r</cell>
</row>
<row>
 <cell>rst_n_ibuf/U0/U_IOPAD:PAD</cell>
 <cell>net</cell>
 <cell>rst_n</cell>
 <cell></cell>
 <cell>+</cell>
 <cell>0.000</cell>
 <cell>0.000</cell>
 <cell></cell>
 <cell>r</cell>
</row>
<row>
 <cell>rst_n_ibuf/U0/U_IOPAD:Y</cell>
 <cell>cell</cell>
 <cell></cell>
 <cell>ADLIB:IOPAD_IN</cell>
 <cell>+</cell>
 <cell>1.501</cell>
 <cell>1.501</cell>
 <cell>2</cell>
 <cell>r</cell>
</row>
<row>
 <cell>rst_n_ibuf_RNIBNDC:An</cell>
 <cell>net</cell>
 <cell>rst_n_ibuf_Z</cell>
 <cell></cell>
 <cell>+</cell>
 <cell>0.258</cell>
 <cell>1.759</cell>
 <cell></cell>
 <cell>f</cell>
</row>
<row>
 <cell>rst_n_ibuf_RNIBNDC:YSn</cell>
 <cell>cell</cell>
 <cell></cell>
 <cell>ADLIB:GB</cell>
 <cell>+</cell>
 <cell>0.101</cell>
 <cell>1.860</cell>
 <cell>1</cell>
 <cell>f</cell>
</row>
<row>
 <cell>rst_n_ibuf_RNIBNDC/U0_RGB1:An</cell>
 <cell>net</cell>
 <cell>rst_n_ibuf_RNIBNDC/U0_YNn_GSouth</cell>
 <cell></cell>
 <cell>+</cell>
 <cell>0.373</cell>
 <cell>2.233</cell>
 <cell></cell>
 <cell>f</cell>
</row>
<row>
 <cell>rst_n_ibuf_RNIBNDC/U0_RGB1:YR</cell>
 <cell>cell</cell>
 <cell></cell>
 <cell>ADLIB:RGB</cell>
 <cell>+</cell>
 <cell>0.295</cell>
 <cell>2.528</cell>
 <cell>16</cell>
 <cell>r</cell>
</row>
<row>
 <cell>Q[1]:ALn</cell>
 <cell>net</cell>
 <cell>rst_n_ibuf_RNIBNDC/U0_RGB1_YR</cell>
 <cell></cell>
 <cell>+</cell>
 <cell>0.601</cell>
 <cell>3.129</cell>
 <cell></cell>
 <cell>r</cell>
</row>
<row>
 <cell>data arrival time</cell>
 <cell></cell>
 <cell></cell>
 <cell></cell>
 <cell></cell>
 <cell></cell>
 <cell>3.129</cell>
 <cell></cell>
 <cell></cell>
</row>
<row>
</row>
<row>
 <cell>Data required time calculation</cell>
 <cell></cell>
 <cell></cell>
 <cell></cell>
 <cell></cell>
 <cell></cell>
 <cell></cell>
 <cell></cell>
 <cell></cell>
</row>
<row>
 <cell>clk</cell>
 <cell></cell>
 <cell></cell>
 <cell></cell>
 <cell></cell>
 <cell>N/C</cell>
 <cell>N/C</cell>
 <cell></cell>
 <cell></cell>
</row>
<row>
 <cell>clk</cell>
 <cell>Clock source</cell>
 <cell></cell>
 <cell></cell>
 <cell>+</cell>
 <cell>0.000</cell>
 <cell>N/C</cell>
 <cell></cell>
 <cell>r</cell>
</row>
<row>
 <cell>clk_ibuf/U0/U_IOPAD:PAD</cell>
 <cell>net</cell>
 <cell>clk</cell>
 <cell></cell>
 <cell>+</cell>
 <cell>0.000</cell>
 <cell>N/C</cell>
 <cell></cell>
 <cell>r</cell>
</row>
<row>
 <cell>clk_ibuf/U0/U_IOPAD:Y</cell>
 <cell>cell</cell>
 <cell></cell>
 <cell>ADLIB:IOPAD_IN</cell>
 <cell>+</cell>
 <cell>1.452</cell>
 <cell>N/C</cell>
 <cell>2</cell>
 <cell>r</cell>
</row>
<row>
 <cell>clk_ibuf_RNIVTI2:An</cell>
 <cell>net</cell>
 <cell>clk_ibuf/U0/YIN1</cell>
 <cell></cell>
 <cell>+</cell>
 <cell>0.061</cell>
 <cell>N/C</cell>
 <cell></cell>
 <cell>f</cell>
</row>
<row>
 <cell>clk_ibuf_RNIVTI2:YSn</cell>
 <cell>cell</cell>
 <cell></cell>
 <cell>ADLIB:GB</cell>
 <cell>+</cell>
 <cell>0.098</cell>
 <cell>N/C</cell>
 <cell>1</cell>
 <cell>f</cell>
</row>
<row>
 <cell>clk_ibuf_RNIVTI2/U0_RGB1:An</cell>
 <cell>net</cell>
 <cell>clk_ibuf_RNIVTI2/U0_YNn_GSouth</cell>
 <cell></cell>
 <cell>+</cell>
 <cell>0.330</cell>
 <cell>N/C</cell>
 <cell></cell>
 <cell>f</cell>
</row>
<row>
 <cell>clk_ibuf_RNIVTI2/U0_RGB1:YR</cell>
 <cell>cell</cell>
 <cell></cell>
 <cell>ADLIB:RGB</cell>
 <cell>+</cell>
 <cell>0.286</cell>
 <cell>N/C</cell>
 <cell>16</cell>
 <cell>r</cell>
</row>
<row>
 <cell>Q[1]:CLK</cell>
 <cell>net</cell>
 <cell>clk_ibuf_RNIVTI2/U0_RGB1_YR</cell>
 <cell></cell>
 <cell>+</cell>
 <cell>0.545</cell>
 <cell>N/C</cell>
 <cell></cell>
 <cell>r</cell>
</row>
<row>
 <cell>Q[1]:ALn</cell>
 <cell>Library recovery time</cell>
 <cell></cell>
 <cell>ADLIB:SLE</cell>
 <cell>-</cell>
 <cell>0.415</cell>
 <cell>N/C</cell>
 <cell></cell>
 <cell></cell>
</row>
<row>
</row>
</table>
</section>
<section>
<name>SET Asynchronous to Register</name>
<text>No Path</text>
</section>
</section>
<section>
<name>Path Set Pin to Pin</name>
<section>
<name>SET Input to Output</name>
<table>
<header>
 <cell/>
 <cell>From</cell>
 <cell>To</cell>
 <cell>Delay (ns)</cell>
 <cell>Slack (ns)</cell>
 <cell>Arrival (ns)</cell>
 <cell>Required (ns)</cell>
</header>
<row>
 <cell>Path 1</cell>
 <cell>clk</cell>
 <cell>sC[3]</cell>
 <cell>10.137</cell>
 <cell></cell>
 <cell>10.137</cell>
 <cell></cell>
</row>
<row>
 <cell>Path 2</cell>
 <cell>clk</cell>
 <cell>sC[2]</cell>
 <cell>10.089</cell>
 <cell></cell>
 <cell>10.089</cell>
 <cell></cell>
</row>
<row>
 <cell>Path 3</cell>
 <cell>clk</cell>
 <cell>sC[0]</cell>
 <cell>9.759</cell>
 <cell></cell>
 <cell>9.759</cell>
 <cell></cell>
</row>
<row>
 <cell>Path 4</cell>
 <cell>clk</cell>
 <cell>sC[1]</cell>
 <cell>9.732</cell>
 <cell></cell>
 <cell>9.732</cell>
 <cell></cell>
</row>
</table>
<text></text>
<section><name>Expanded Path 1</name></section>
<table>
<header>
 <cell>Pin Name</cell>
 <cell>Type</cell>
 <cell>Net Name</cell>
 <cell>Cell Name</cell>
 <cell>Op</cell>
 <cell>Delay (ns)</cell>
 <cell>Total (ns)</cell>
 <cell>Fanout</cell>
 <cell>Edge</cell>
</header>
<row>
 <cell>From: clk</cell>
 <cell></cell>
 <cell></cell>
 <cell></cell>
 <cell></cell>
 <cell></cell>
 <cell></cell>
 <cell></cell>
 <cell></cell>
</row>
<row>
 <cell>To: sC[3]</cell>
 <cell></cell>
 <cell></cell>
 <cell></cell>
 <cell></cell>
 <cell></cell>
 <cell></cell>
 <cell></cell>
 <cell></cell>
</row>
<row>
 <cell>data required time</cell>
 <cell></cell>
 <cell></cell>
 <cell></cell>
 <cell></cell>
 <cell></cell>
 <cell>N/C</cell>
 <cell></cell>
 <cell></cell>
</row>
<row>
 <cell>data arrival time</cell>
 <cell></cell>
 <cell></cell>
 <cell></cell>
 <cell>-</cell>
 <cell></cell>
 <cell>10.137</cell>
 <cell></cell>
 <cell></cell>
</row>
<row>
 <cell>slack</cell>
 <cell></cell>
 <cell></cell>
 <cell></cell>
 <cell></cell>
 <cell></cell>
 <cell>N/C</cell>
 <cell></cell>
 <cell></cell>
</row>
<row>
</row>
<row>
 <cell>Data arrival time calculation</cell>
 <cell></cell>
 <cell></cell>
 <cell></cell>
 <cell></cell>
 <cell></cell>
 <cell></cell>
 <cell></cell>
 <cell></cell>
</row>
<row>
 <cell>clk</cell>
 <cell></cell>
 <cell></cell>
 <cell></cell>
 <cell></cell>
 <cell>0.000</cell>
 <cell>0.000</cell>
 <cell></cell>
 <cell>r</cell>
</row>
<row>
 <cell>clk_ibuf/U0/U_IOPAD:PAD</cell>
 <cell>net</cell>
 <cell>clk</cell>
 <cell></cell>
 <cell>+</cell>
 <cell>0.000</cell>
 <cell>0.000</cell>
 <cell></cell>
 <cell>r</cell>
</row>
<row>
 <cell>clk_ibuf/U0/U_IOPAD:Y</cell>
 <cell>cell</cell>
 <cell></cell>
 <cell>ADLIB:IOPAD_IN</cell>
 <cell>+</cell>
 <cell>1.497</cell>
 <cell>1.497</cell>
 <cell>2</cell>
 <cell>r</cell>
</row>
<row>
 <cell>clk_ibuf/U0/U_IOINFF:A</cell>
 <cell>net</cell>
 <cell>clk_ibuf/U0/YIN1</cell>
 <cell></cell>
 <cell>+</cell>
 <cell>0.063</cell>
 <cell>1.560</cell>
 <cell></cell>
 <cell>r</cell>
</row>
<row>
 <cell>clk_ibuf/U0/U_IOINFF:Y</cell>
 <cell>cell</cell>
 <cell></cell>
 <cell>ADLIB:IOINFF_BYPASS</cell>
 <cell>+</cell>
 <cell>0.084</cell>
 <cell>1.644</cell>
 <cell>1</cell>
 <cell>r</cell>
</row>
<row>
 <cell>clk_ibuf_RNIVTI2_0:A</cell>
 <cell>net</cell>
 <cell>clk_ibuf_Z</cell>
 <cell></cell>
 <cell>+</cell>
 <cell>2.457</cell>
 <cell>4.101</cell>
 <cell></cell>
 <cell>r</cell>
</row>
<row>
 <cell>clk_ibuf_RNIVTI2_0:Y</cell>
 <cell>cell</cell>
 <cell></cell>
 <cell>ADLIB:CFG1</cell>
 <cell>+</cell>
 <cell>0.118</cell>
 <cell>4.219</cell>
 <cell>4</cell>
 <cell>f</cell>
</row>
<row>
 <cell>sC_obuf[3]/U0/U_IOOUTFF:A</cell>
 <cell>net</cell>
 <cell>inverterString[1]</cell>
 <cell></cell>
 <cell>+</cell>
 <cell>1.926</cell>
 <cell>6.145</cell>
 <cell></cell>
 <cell>f</cell>
</row>
<row>
 <cell>sC_obuf[3]/U0/U_IOOUTFF:Y</cell>
 <cell>cell</cell>
 <cell></cell>
 <cell>ADLIB:IOOUTFF_BYPASS</cell>
 <cell>+</cell>
 <cell>0.388</cell>
 <cell>6.533</cell>
 <cell>1</cell>
 <cell>f</cell>
</row>
<row>
 <cell>sC_obuf[3]/U0/U_IOPAD:D</cell>
 <cell>net</cell>
 <cell>sC_obuf[3]/U0/DOUT</cell>
 <cell></cell>
 <cell>+</cell>
 <cell>0.426</cell>
 <cell>6.959</cell>
 <cell></cell>
 <cell>f</cell>
</row>
<row>
 <cell>sC_obuf[3]/U0/U_IOPAD:PAD</cell>
 <cell>cell</cell>
 <cell></cell>
 <cell>ADLIB:IOPAD_TRI</cell>
 <cell>+</cell>
 <cell>3.178</cell>
 <cell>10.137</cell>
 <cell>0</cell>
 <cell>f</cell>
</row>
<row>
 <cell>sC[3]</cell>
 <cell>net</cell>
 <cell>sC[3]</cell>
 <cell></cell>
 <cell>+</cell>
 <cell>0.000</cell>
 <cell>10.137</cell>
 <cell></cell>
 <cell>f</cell>
</row>
<row>
 <cell>data arrival time</cell>
 <cell></cell>
 <cell></cell>
 <cell></cell>
 <cell></cell>
 <cell></cell>
 <cell>10.137</cell>
 <cell></cell>
 <cell></cell>
</row>
<row>
</row>
<row>
 <cell>Data required time calculation</cell>
 <cell></cell>
 <cell></cell>
 <cell></cell>
 <cell></cell>
 <cell></cell>
 <cell></cell>
 <cell></cell>
 <cell></cell>
</row>
<row>
 <cell>clk</cell>
 <cell></cell>
 <cell></cell>
 <cell></cell>
 <cell></cell>
 <cell>N/C</cell>
 <cell>N/C</cell>
 <cell></cell>
 <cell>r</cell>
</row>
<row>
 <cell>sC[3]</cell>
 <cell></cell>
 <cell></cell>
 <cell></cell>
 <cell></cell>
 <cell></cell>
 <cell>N/C</cell>
 <cell></cell>
 <cell>f</cell>
</row>
<row>
 <cell>data required time</cell>
 <cell></cell>
 <cell></cell>
 <cell></cell>
 <cell></cell>
 <cell></cell>
 <cell>N/C</cell>
 <cell></cell>
 <cell></cell>
</row>
<row>
</row>
</table>
</section>
</section>
<section>
<name>Path Set User Sets</name>
</section>
</doc>
