<?xml version="1.0" encoding="utf-8"?> 
<!-- 
  Synopsys, Inc.
  Version Q-2020.03M-SP1
  Project file X:\Graduate\ECEN5863\ProgrammableLogic\Homework2Practical\HW2P7\HW2P7\synthesis\syntmp\run_option.xml
  Written on Sat Oct 14 18:57:21 2023


--> 
<project_attribute_list name="Project Settings"> 
     <option name="project_name" display_name="Project Name">HW2P7_syn</option>
     <option name="device_name" display_name="Device Name">synthesis: Microchip SmartFusion2 : M2S010</option>
     <option name="impl_name" display_name="Implementation Name">synthesis</option>
     <option name="top_module" display_name="Top Module">HW2P7</option>
     <option name="retiming" display_name="Retiming">0</option>
     <option name="resource_sharing" display_name="Resource Sharing">1</option>
     <option name="maxfan" display_name="Fanout Guide">10000</option>
     <option name="disable_io_insertion" display_name="Disable I/O Insertion">0</option>
     <option name="no_sequential_opt" display_name="Disable Sequential Optimizations">0</option>
     <option name="symbolic_fsm_compiler" display_name="FSM Compiler">1</option>
</project_attribute_list>

