<?xml version="1.0" encoding="UTF-8" standalone="no" ?>
<?xml-stylesheet href="rptstyle.xsl" type="text/xsl" ?>
<doc>
<text>SmartTime Version 12.900.20.24</text>
<text>Microsemi Corporation - Microsemi Libero Software Release v12.6 (Version 12.900.20.24)
Date: Sat Nov 18 15:35:19 2023 </text>
<table>
<header>
</header>
<row>
 <cell>Design</cell>
 <cell>HW4_Q2A</cell>
</row>
<row>
 <cell>Family</cell>
 <cell>SmartFusion2</cell>
</row>
<row>
 <cell>Die</cell>
 <cell>M2S010</cell>
</row>
<row>
 <cell>Package</cell>
 <cell>144 TQ</cell>
</row>
<row>
 <cell>Temperature Range</cell>
 <cell>0 - 85 C</cell>
</row>
<row>
 <cell>Voltage Range</cell>
 <cell>1.14 - 1.26 V</cell>
</row>
<row>
 <cell>Speed Grade</cell>
 <cell>STD</cell>
</row>
</table>
<text></text>
<text></text>
<section>
<name>Coverage Summary</name>
<text></text>
<table>
<header>
 <cell>Type of check</cell>
 <cell>Constrained</cell>
 <cell>UnConstrained</cell>
 <cell>Total</cell>
</header>
<row>
 <cell>Setup</cell>
 <cell>           17</cell>
 <cell>            0</cell>
 <cell>           17</cell>
</row>
<row>
 <cell>Recovery</cell>
 <cell>           17</cell>
 <cell>            0</cell>
 <cell>           17</cell>
</row>
<row>
 <cell>Output Setup</cell>
 <cell>           17</cell>
 <cell>            0</cell>
 <cell>           17</cell>
</row>
<row>
 <cell>Total Setup</cell>
 <cell>           51</cell>
 <cell>            0</cell>
 <cell>           51</cell>
</row>
<separator/>
<row>
 <cell>Hold</cell>
 <cell>           17</cell>
 <cell>            0</cell>
 <cell>           17</cell>
</row>
<row>
 <cell>Removal</cell>
 <cell>           17</cell>
 <cell>            0</cell>
 <cell>           17</cell>
</row>
<row>
 <cell>Output Hold</cell>
 <cell>           17</cell>
 <cell>            0</cell>
 <cell>           17</cell>
</row>
<row>
 <cell>Total Hold</cell>
 <cell>           51</cell>
 <cell>            0</cell>
 <cell>           51</cell>
</row>
</table>
<section>
<name>Clock domain: </name>
<text>clk</text>
<text></text>
<table>
<header>
 <cell>Type of check</cell>
 <cell>Constrained</cell>
 <cell>UnConstrained</cell>
 <cell>Total</cell>
</header>
<row>
 <cell>Setup</cell>
 <cell>           17</cell>
 <cell>            0</cell>
 <cell>           17</cell>
</row>
<row>
 <cell>Recovery</cell>
 <cell>           17</cell>
 <cell>            0</cell>
 <cell>           17</cell>
</row>
<row>
 <cell>Output Setup</cell>
 <cell>           17</cell>
 <cell>            0</cell>
 <cell>           17</cell>
</row>
<row>
 <cell>Total Setup</cell>
 <cell>           51</cell>
 <cell>            0</cell>
 <cell>           51</cell>
</row>
<separator/>
<row>
 <cell>Hold</cell>
 <cell>           17</cell>
 <cell>            0</cell>
 <cell>           17</cell>
</row>
<row>
 <cell>Removal</cell>
 <cell>           17</cell>
 <cell>            0</cell>
 <cell>           17</cell>
</row>
<row>
 <cell>Output Hold</cell>
 <cell>           17</cell>
 <cell>            0</cell>
 <cell>           17</cell>
</row>
<row>
 <cell>Total Hold</cell>
 <cell>           51</cell>
 <cell>            0</cell>
 <cell>           51</cell>
</row>
</table>
</section>
<section>
<name>Input to Output</name>
<table>
<header>
 <cell>Type of check</cell>
 <cell>Constrained</cell>
 <cell>UnConstrained</cell>
 <cell>Total</cell>
</header>
<row>
 <cell>Output Setup</cell>
 <cell>            0</cell>
 <cell>            0</cell>
 <cell>            0</cell>
</row>
<separator/>
<row>
 <cell>Output Hold</cell>
 <cell>            0</cell>
 <cell>            0</cell>
 <cell>            0</cell>
</row>
</table>
</section>
</section>
</doc>
