<?xml version="1.0" encoding="UTF-8" standalone="no" ?>
<?xml-stylesheet href="rptstyle.xsl" type="text/xsl" ?>
<doc>
<title>I/O Register Combining Report</title>
<text>Microsemi Corporation - Microsemi Libero Software Release v12.6 (Version 12.900.20.24)</text>
<text>Date: Sat Nov 18 15:35:46 2023
</text>
<section><name>I/O Register Combining Summary</name></section>
<table>
<header>
 <cell>Port Name</cell>
 <cell>Register Type</cell>
 <cell>Register Name</cell>
</header>
<row>
 <cell>rollover</cell>
 <cell>Output</cell>
 <cell>Rollover</cell>
</row>
</table>
<section><name>I/O DDR Register Combining Summary</name></section>
<table>
<header>
</header>
</table>
</doc>
