<?xml version="1.0" encoding="UTF-8" standalone="no" ?>
<?xml-stylesheet href="rptstyle.xsl" type="text/xsl" ?>
<doc>
<text>SmartTime Version 12.900.20.24</text>
<text>Microsemi Corporation - Microsemi Libero Software Release v12.6 (Version 12.900.20.24)
Date: Tue Nov 28 19:52:09 2023 </text>
<table>
<header>
</header>
<row>
 <cell>Design</cell>
 <cell>SlowFast</cell>
</row>
<row>
 <cell>Family</cell>
 <cell>SmartFusion2</cell>
</row>
<row>
 <cell>Die</cell>
 <cell>M2S010</cell>
</row>
<row>
 <cell>Package</cell>
 <cell>144 TQ</cell>
</row>
<row>
 <cell>Temperature Range</cell>
 <cell>0 - 85 C</cell>
</row>
<row>
 <cell>Voltage Range</cell>
 <cell>1.14 - 1.26 V</cell>
</row>
<row>
 <cell>Speed Grade</cell>
 <cell>STD</cell>
</row>
</table>
<text></text>
<text></text>
<section>
<name>Coverage Summary</name>
<text></text>
<table>
<header>
 <cell>Type of check</cell>
 <cell>Constrained</cell>
 <cell>UnConstrained</cell>
 <cell>Total</cell>
</header>
<row>
 <cell>Setup</cell>
 <cell>            0</cell>
 <cell>           18</cell>
 <cell>           18</cell>
</row>
<row>
 <cell>Recovery</cell>
 <cell>            0</cell>
 <cell>           14</cell>
 <cell>           14</cell>
</row>
<row>
 <cell>Output Setup</cell>
 <cell>            0</cell>
 <cell>            4</cell>
 <cell>            4</cell>
</row>
<row>
 <cell>Total Setup</cell>
 <cell>            0</cell>
 <cell>           36</cell>
 <cell>           36</cell>
</row>
<separator/>
<row>
 <cell>Hold</cell>
 <cell>            0</cell>
 <cell>           18</cell>
 <cell>           18</cell>
</row>
<row>
 <cell>Removal</cell>
 <cell>            0</cell>
 <cell>           14</cell>
 <cell>           14</cell>
</row>
<row>
 <cell>Output Hold</cell>
 <cell>            0</cell>
 <cell>            4</cell>
 <cell>            4</cell>
</row>
<row>
 <cell>Total Hold</cell>
 <cell>            0</cell>
 <cell>           36</cell>
 <cell>           36</cell>
</row>
</table>
<section>
<name>Clock domain: </name>
<text>Aclk</text>
<text></text>
<table>
<header>
 <cell>Type of check</cell>
 <cell>Constrained</cell>
 <cell>UnConstrained</cell>
 <cell>Total</cell>
</header>
<row>
 <cell>Setup</cell>
 <cell>            0</cell>
 <cell>           14</cell>
 <cell>           14</cell>
</row>
<row>
 <cell>Recovery</cell>
 <cell>            0</cell>
 <cell>           10</cell>
 <cell>           10</cell>
</row>
<row>
 <cell>Output Setup</cell>
 <cell>            0</cell>
 <cell>            0</cell>
 <cell>            0</cell>
</row>
<row>
 <cell>Total Setup</cell>
 <cell>            0</cell>
 <cell>           24</cell>
 <cell>           24</cell>
</row>
<separator/>
<row>
 <cell>Hold</cell>
 <cell>            0</cell>
 <cell>           14</cell>
 <cell>           14</cell>
</row>
<row>
 <cell>Removal</cell>
 <cell>            0</cell>
 <cell>           10</cell>
 <cell>           10</cell>
</row>
<row>
 <cell>Output Hold</cell>
 <cell>            0</cell>
 <cell>            0</cell>
 <cell>            0</cell>
</row>
<row>
 <cell>Total Hold</cell>
 <cell>            0</cell>
 <cell>           24</cell>
 <cell>           24</cell>
</row>
</table>
<section>
<name>Enhancement Suggestions</name>
<text></text>
<text> - Clock constraint is missing </text>
<text> - Max input delay constraint missing on ports:</text>
<text>   </text>
<list>
 <item>Bclk</item>
 <item>reset</item>
</list>
<text></text>
<text> - Min input delay constraint missing on ports:</text>
<text>   </text>
<list>
 <item>Bclk</item>
 <item>reset</item>
</list>
<text></text>
<text></text>
<text></text>
<text> - Setup unconstrained for the following pins:</text>
<text>   </text>
<list>
 <item>data:D</item>
 <item>shiftRegister[0]:D</item>
 <item>shiftRegister[1]:D</item>
 <item>shiftRegister[2]:D</item>
 <item>shiftRegister[3]:D</item>
 <item>syncOut[0]:D</item>
 <item>syncOut[0]:EN</item>
 <item>syncOut[1]:D</item>
 <item>syncOut[1]:EN</item>
 <item>syncOut[2]:D</item>
 <item>syncOut[2]:EN</item>
 <item>syncOut[3]:D</item>
 <item>syncOut[3]:EN</item>
 <item>syncSignal:D</item>
</list>
<text></text>
<text> - Recovery unconstrained for the following pins:</text>
<text>   </text>
<list>
 <item>data:ALn</item>
 <item>shiftRegister[0]:ALn</item>
 <item>shiftRegister[1]:ALn</item>
 <item>shiftRegister[2]:ALn</item>
 <item>shiftRegister[3]:ALn</item>
 <item>syncOut[0]:ALn</item>
 <item>syncOut[1]:ALn</item>
 <item>syncOut[2]:ALn</item>
 <item>syncOut[3]:ALn</item>
 <item>syncSignal:ALn</item>
</list>
<text></text>
<text> - Hold unconstrained for the following pins:</text>
<text>   </text>
<list>
 <item>data:D</item>
 <item>shiftRegister[0]:D</item>
 <item>shiftRegister[1]:D</item>
 <item>shiftRegister[2]:D</item>
 <item>shiftRegister[3]:D</item>
 <item>syncOut[0]:D</item>
 <item>syncOut[0]:EN</item>
 <item>syncOut[1]:D</item>
 <item>syncOut[1]:EN</item>
 <item>syncOut[2]:D</item>
 <item>syncOut[2]:EN</item>
 <item>syncOut[3]:D</item>
 <item>syncOut[3]:EN</item>
 <item>syncSignal:D</item>
</list>
<text></text>
<text> - Removal unconstrained for the following pins:</text>
<text>   </text>
<list>
 <item>data:ALn</item>
 <item>shiftRegister[0]:ALn</item>
 <item>shiftRegister[1]:ALn</item>
 <item>shiftRegister[2]:ALn</item>
 <item>shiftRegister[3]:ALn</item>
 <item>syncOut[0]:ALn</item>
 <item>syncOut[1]:ALn</item>
 <item>syncOut[2]:ALn</item>
 <item>syncOut[3]:ALn</item>
 <item>syncSignal:ALn</item>
</list>
<text></text>
</section>
</section>
<section>
<name>Clock domain: </name>
<text>Bclk</text>
<text></text>
<table>
<header>
 <cell>Type of check</cell>
 <cell>Constrained</cell>
 <cell>UnConstrained</cell>
 <cell>Total</cell>
</header>
<row>
 <cell>Setup</cell>
 <cell>            0</cell>
 <cell>            4</cell>
 <cell>            4</cell>
</row>
<row>
 <cell>Recovery</cell>
 <cell>            0</cell>
 <cell>            4</cell>
 <cell>            4</cell>
</row>
<row>
 <cell>Output Setup</cell>
 <cell>            0</cell>
 <cell>            4</cell>
 <cell>            4</cell>
</row>
<row>
 <cell>Total Setup</cell>
 <cell>            0</cell>
 <cell>           12</cell>
 <cell>           12</cell>
</row>
<separator/>
<row>
 <cell>Hold</cell>
 <cell>            0</cell>
 <cell>            4</cell>
 <cell>            4</cell>
</row>
<row>
 <cell>Removal</cell>
 <cell>            0</cell>
 <cell>            4</cell>
 <cell>            4</cell>
</row>
<row>
 <cell>Output Hold</cell>
 <cell>            0</cell>
 <cell>            4</cell>
 <cell>            4</cell>
</row>
<row>
 <cell>Total Hold</cell>
 <cell>            0</cell>
 <cell>           12</cell>
 <cell>           12</cell>
</row>
</table>
<section>
<name>Enhancement Suggestions</name>
<text></text>
<text> - Clock constraint is missing </text>
<text> - Max input delay constraint missing on port:</text>
<text>   </text>
<list>
 <item>reset</item>
</list>
<text></text>
<text> - Min input delay constraint missing on port:</text>
<text>   </text>
<list>
 <item>reset</item>
</list>
<text></text>
<text></text>
<text> - Max output delay constraint missing on ports:</text>
<text>   </text>
<list>
 <item>Dout[0]</item>
 <item>Dout[1]</item>
 <item>Dout[2]</item>
 <item>Dout[3]</item>
</list>
<text></text>
<text> - Min output delay constraint missing on ports:</text>
<text>   </text>
<list>
 <item>Dout[0]</item>
 <item>Dout[1]</item>
 <item>Dout[2]</item>
 <item>Dout[3]</item>
</list>
<text></text>
<text></text>
<text> - Setup unconstrained for the following pins:</text>
<text>   </text>
<list>
 <item>Dout_Z[0]:D</item>
 <item>Dout_Z[1]:D</item>
 <item>Dout_Z[2]:D</item>
 <item>Dout_Z[3]:D</item>
</list>
<text></text>
<text> - Recovery unconstrained for the following pins:</text>
<text>   </text>
<list>
 <item>Dout_Z[0]:ALn</item>
 <item>Dout_Z[1]:ALn</item>
 <item>Dout_Z[2]:ALn</item>
 <item>Dout_Z[3]:ALn</item>
</list>
<text></text>
<text> - Hold unconstrained for the following pins:</text>
<text>   </text>
<list>
 <item>Dout_Z[0]:D</item>
 <item>Dout_Z[1]:D</item>
 <item>Dout_Z[2]:D</item>
 <item>Dout_Z[3]:D</item>
</list>
<text></text>
<text> - Removal unconstrained for the following pins:</text>
<text>   </text>
<list>
 <item>Dout_Z[0]:ALn</item>
 <item>Dout_Z[1]:ALn</item>
 <item>Dout_Z[2]:ALn</item>
 <item>Dout_Z[3]:ALn</item>
</list>
<text></text>
</section>
</section>
<section>
<name>Input to Output</name>
<table>
<header>
 <cell>Type of check</cell>
 <cell>Constrained</cell>
 <cell>UnConstrained</cell>
 <cell>Total</cell>
</header>
<row>
 <cell>Output Setup</cell>
 <cell>            0</cell>
 <cell>            0</cell>
 <cell>            0</cell>
</row>
<separator/>
<row>
 <cell>Output Hold</cell>
 <cell>            0</cell>
 <cell>            0</cell>
 <cell>            0</cell>
</row>
</table>
</section>
</section>
</doc>
