<?xml version="1.0" encoding="UTF-8" standalone="no" ?>
<?xml-stylesheet href="rptstyle.xsl" type="text/xsl" ?>
<doc>
<title>Timing Multi Corner Report Min Delay Analysis
</title>
<text>SmartTime Version 12.900.20.24</text>
<text>Microsemi Corporation - Microsemi Libero Software Release v12.6 (Version 12.900.20.24)</text>
<text>Date: Tue Nov 28 19:52:09 2023
</text>
<table>
<header>
</header>
<row>
 <cell>Design</cell>
 <cell>SlowFast</cell>
</row>
<row>
 <cell>Family</cell>
 <cell>SmartFusion2</cell>
</row>
<row>
 <cell>Die</cell>
 <cell>M2S010</cell>
</row>
<row>
 <cell>Package</cell>
 <cell>144 TQ</cell>
</row>
<row>
 <cell>Temperature Range</cell>
 <cell>0 - 85 C</cell>
</row>
<row>
 <cell>Voltage Range</cell>
 <cell>1.14 - 1.26 V</cell>
</row>
<row>
 <cell>Speed Grade</cell>
 <cell>STD</cell>
</row>
<row>
 <cell>Design State</cell>
 <cell>Post-Layout</cell>
</row>
<row>
 <cell>Data source</cell>
 <cell>Production</cell>
</row>
<row>
 <cell>Multi Corner Report Operating Conditions</cell>
 <cell>BEST, TYPICAL, WORST</cell>
</row>
<row>
 <cell>Scenario for Timing Analysis</cell>
 <cell>timing_analysis</cell>
</row>
</table>
<text></text>
<section>
<name>Summary</name>
<table>
<header>
 <cell>Clock Domain</cell>
 <cell>Required Period (ns)</cell>
 <cell>Required Frequency (MHz)</cell>
 <cell>Worst Slack (ns)</cell>
 <cell>Operating Conditions</cell>
</header>
<row>
 <cell>Aclk</cell>
 <cell>N/A</cell>
 <cell>N/A</cell>
 <cell></cell>
 <cell></cell>
</row>
<row>
 <cell>Bclk</cell>
 <cell>N/A</cell>
 <cell>N/A</cell>
 <cell></cell>
 <cell></cell>
</row>
</table>
<text></text>
<table>
<header>
 <cell></cell>
 <cell>Worst Slack (ns)</cell>
 <cell>Operating Conditions</cell>
</header>
<row>
 <cell>Input to Output</cell>
 <cell></cell>
 <cell></cell>
</row>
</table>
</section>
<section>
<name>Clock Domain Aclk</name>
<text></text>
<section>
<name>SET Register to Register</name>
<table>
<header>
 <cell/>
 <cell>From</cell>
 <cell>To</cell>
 <cell>Delay (ns)</cell>
 <cell>Slack (ns)</cell>
 <cell>Arrival (ns)</cell>
 <cell>Required (ns)</cell>
 <cell>Hold (ns)</cell>
 <cell>Operating Conditions</cell>
</header>
<row>
 <cell>Path 1</cell>
 <cell>shiftRegister[3]:CLK</cell>
 <cell>syncOut[3]:D</cell>
 <cell>0.311</cell>
 <cell></cell>
 <cell>1.717</cell>
 <cell></cell>
 <cell>0.000</cell>
 <cell>BEST</cell>
</row>
<row>
 <cell>Path 2</cell>
 <cell>shiftRegister[1]:CLK</cell>
 <cell>shiftRegister[2]:D</cell>
 <cell>0.318</cell>
 <cell></cell>
 <cell>1.717</cell>
 <cell></cell>
 <cell>0.000</cell>
 <cell>BEST</cell>
</row>
<row>
 <cell>Path 3</cell>
 <cell>shiftRegister[0]:CLK</cell>
 <cell>syncOut[0]:D</cell>
 <cell>0.310</cell>
 <cell></cell>
 <cell>1.716</cell>
 <cell></cell>
 <cell>0.000</cell>
 <cell>BEST</cell>
</row>
<row>
 <cell>Path 4</cell>
 <cell>shiftRegister[0]:CLK</cell>
 <cell>shiftRegister[1]:D</cell>
 <cell>0.310</cell>
 <cell></cell>
 <cell>1.716</cell>
 <cell></cell>
 <cell>0.000</cell>
 <cell>BEST</cell>
</row>
<row>
 <cell>Path 5</cell>
 <cell>shiftRegister[1]:CLK</cell>
 <cell>syncOut[1]:D</cell>
 <cell>0.318</cell>
 <cell></cell>
 <cell>1.717</cell>
 <cell></cell>
 <cell>0.000</cell>
 <cell>BEST</cell>
</row>
</table>
<text></text>
<section><name>Expanded Path 1</name></section>
<table>
<header>
 <cell>Pin Name</cell>
 <cell>Type</cell>
 <cell>Net Name</cell>
 <cell>Cell Name</cell>
 <cell>Op</cell>
 <cell>Delay (ns)</cell>
 <cell>Total (ns)</cell>
 <cell>Fanout</cell>
 <cell>Edge</cell>
</header>
<row>
 <cell>From: shiftRegister[3]:CLK</cell>
 <cell></cell>
 <cell></cell>
 <cell></cell>
 <cell></cell>
 <cell></cell>
 <cell></cell>
 <cell></cell>
 <cell></cell>
</row>
<row>
 <cell>To: syncOut[3]:D</cell>
 <cell></cell>
 <cell></cell>
 <cell></cell>
 <cell></cell>
 <cell></cell>
 <cell></cell>
 <cell></cell>
 <cell></cell>
</row>
<row>
 <cell>data arrival time</cell>
 <cell></cell>
 <cell></cell>
 <cell></cell>
 <cell></cell>
 <cell></cell>
 <cell>1.717</cell>
 <cell></cell>
 <cell></cell>
</row>
<row>
 <cell>data required time</cell>
 <cell></cell>
 <cell></cell>
 <cell></cell>
 <cell>-</cell>
 <cell></cell>
 <cell>N/C</cell>
 <cell></cell>
 <cell></cell>
</row>
<row>
 <cell>slack</cell>
 <cell></cell>
 <cell></cell>
 <cell></cell>
 <cell></cell>
 <cell></cell>
 <cell>N/C</cell>
 <cell></cell>
 <cell></cell>
</row>
<row>
</row>
<row>
 <cell>Data arrival time calculation</cell>
 <cell></cell>
 <cell></cell>
 <cell></cell>
 <cell></cell>
 <cell></cell>
 <cell></cell>
 <cell></cell>
 <cell></cell>
</row>
<row>
 <cell>Aclk</cell>
 <cell></cell>
 <cell></cell>
 <cell></cell>
 <cell></cell>
 <cell>0.000</cell>
 <cell>0.000</cell>
 <cell></cell>
 <cell></cell>
</row>
<row>
 <cell>Aclk</cell>
 <cell>Clock source</cell>
 <cell></cell>
 <cell></cell>
 <cell>+</cell>
 <cell>0.000</cell>
 <cell>0.000</cell>
 <cell></cell>
 <cell>r</cell>
</row>
<row>
 <cell>Aclk_ibuf/U0/U_IOPAD:PAD</cell>
 <cell>net</cell>
 <cell>Aclk</cell>
 <cell></cell>
 <cell>+</cell>
 <cell>0.000</cell>
 <cell>0.000</cell>
 <cell></cell>
 <cell>r</cell>
</row>
<row>
 <cell>Aclk_ibuf/U0/U_IOPAD:Y</cell>
 <cell>cell</cell>
 <cell></cell>
 <cell>ADLIB:IOPAD_IN</cell>
 <cell>+</cell>
 <cell>0.472</cell>
 <cell>0.472</cell>
 <cell>2</cell>
 <cell>r</cell>
</row>
<row>
 <cell>Aclk_ibuf_RNI08V3:An</cell>
 <cell>net</cell>
 <cell>Aclk_ibuf_Z</cell>
 <cell></cell>
 <cell>+</cell>
 <cell>0.158</cell>
 <cell>0.630</cell>
 <cell></cell>
 <cell>f</cell>
</row>
<row>
 <cell>Aclk_ibuf_RNI08V3:YNn</cell>
 <cell>cell</cell>
 <cell></cell>
 <cell>ADLIB:GB</cell>
 <cell>+</cell>
 <cell>0.057</cell>
 <cell>0.687</cell>
 <cell>1</cell>
 <cell>f</cell>
</row>
<row>
 <cell>Aclk_ibuf_RNI08V3/U0_RGB1:An</cell>
 <cell>net</cell>
 <cell>Aclk_ibuf_RNI08V3/U0_YNn</cell>
 <cell></cell>
 <cell>+</cell>
 <cell>0.201</cell>
 <cell>0.888</cell>
 <cell></cell>
 <cell>f</cell>
</row>
<row>
 <cell>Aclk_ibuf_RNI08V3/U0_RGB1:YL</cell>
 <cell>cell</cell>
 <cell></cell>
 <cell>ADLIB:RGB</cell>
 <cell>+</cell>
 <cell>0.168</cell>
 <cell>1.056</cell>
 <cell>10</cell>
 <cell>r</cell>
</row>
<row>
 <cell>shiftRegister[3]:CLK</cell>
 <cell>net</cell>
 <cell>Aclk_c</cell>
 <cell></cell>
 <cell>+</cell>
 <cell>0.350</cell>
 <cell>1.406</cell>
 <cell></cell>
 <cell>r</cell>
</row>
<row>
 <cell>shiftRegister[3]:Q</cell>
 <cell>cell</cell>
 <cell></cell>
 <cell>ADLIB:SLE</cell>
 <cell>+</cell>
 <cell>0.062</cell>
 <cell>1.468</cell>
 <cell>1</cell>
 <cell>r</cell>
</row>
<row>
 <cell>syncOut[3]:D</cell>
 <cell>net</cell>
 <cell>shiftRegister_Z[3]</cell>
 <cell></cell>
 <cell>+</cell>
 <cell>0.249</cell>
 <cell>1.717</cell>
 <cell></cell>
 <cell>r</cell>
</row>
<row>
 <cell>data arrival time</cell>
 <cell></cell>
 <cell></cell>
 <cell></cell>
 <cell></cell>
 <cell></cell>
 <cell>1.717</cell>
 <cell></cell>
 <cell></cell>
</row>
<row>
</row>
<row>
 <cell>Data required time calculation</cell>
 <cell></cell>
 <cell></cell>
 <cell></cell>
 <cell></cell>
 <cell></cell>
 <cell></cell>
 <cell></cell>
 <cell></cell>
</row>
<row>
 <cell>Aclk</cell>
 <cell></cell>
 <cell></cell>
 <cell></cell>
 <cell></cell>
 <cell>N/C</cell>
 <cell>N/C</cell>
 <cell></cell>
 <cell></cell>
</row>
<row>
 <cell>Aclk</cell>
 <cell>Clock source</cell>
 <cell></cell>
 <cell></cell>
 <cell>+</cell>
 <cell>0.000</cell>
 <cell>N/C</cell>
 <cell></cell>
 <cell>r</cell>
</row>
<row>
 <cell>Aclk_ibuf/U0/U_IOPAD:PAD</cell>
 <cell>net</cell>
 <cell>Aclk</cell>
 <cell></cell>
 <cell>+</cell>
 <cell>0.000</cell>
 <cell>N/C</cell>
 <cell></cell>
 <cell>r</cell>
</row>
<row>
 <cell>Aclk_ibuf/U0/U_IOPAD:Y</cell>
 <cell>cell</cell>
 <cell></cell>
 <cell>ADLIB:IOPAD_IN</cell>
 <cell>+</cell>
 <cell>0.472</cell>
 <cell>N/C</cell>
 <cell>2</cell>
 <cell>r</cell>
</row>
<row>
 <cell>Aclk_ibuf_RNI08V3:An</cell>
 <cell>net</cell>
 <cell>Aclk_ibuf_Z</cell>
 <cell></cell>
 <cell>+</cell>
 <cell>0.158</cell>
 <cell>N/C</cell>
 <cell></cell>
 <cell>f</cell>
</row>
<row>
 <cell>Aclk_ibuf_RNI08V3:YNn</cell>
 <cell>cell</cell>
 <cell></cell>
 <cell>ADLIB:GB</cell>
 <cell>+</cell>
 <cell>0.057</cell>
 <cell>N/C</cell>
 <cell>1</cell>
 <cell>f</cell>
</row>
<row>
 <cell>Aclk_ibuf_RNI08V3/U0_RGB1:An</cell>
 <cell>net</cell>
 <cell>Aclk_ibuf_RNI08V3/U0_YNn</cell>
 <cell></cell>
 <cell>+</cell>
 <cell>0.201</cell>
 <cell>N/C</cell>
 <cell></cell>
 <cell>f</cell>
</row>
<row>
 <cell>Aclk_ibuf_RNI08V3/U0_RGB1:YL</cell>
 <cell>cell</cell>
 <cell></cell>
 <cell>ADLIB:RGB</cell>
 <cell>+</cell>
 <cell>0.168</cell>
 <cell>N/C</cell>
 <cell>10</cell>
 <cell>r</cell>
</row>
<row>
 <cell>syncOut[3]:CLK</cell>
 <cell>net</cell>
 <cell>Aclk_c</cell>
 <cell></cell>
 <cell>+</cell>
 <cell>0.361</cell>
 <cell>N/C</cell>
 <cell></cell>
 <cell>r</cell>
</row>
<row>
 <cell>syncOut[3]:D</cell>
 <cell>Library hold time</cell>
 <cell></cell>
 <cell>ADLIB:SLE</cell>
 <cell>+</cell>
 <cell>0.000</cell>
 <cell>N/C</cell>
 <cell></cell>
 <cell></cell>
</row>
<row>
</row>
<row>
 <cell>Operating Conditions</cell>
 <cell>BEST</cell>
</row>
</table>
</section>
<section>
<name>SET External Hold</name>
<table>
<header>
 <cell/>
 <cell>From</cell>
 <cell>To</cell>
 <cell>Delay (ns)</cell>
 <cell>Slack (ns)</cell>
 <cell>Arrival (ns)</cell>
 <cell>Required (ns)</cell>
 <cell>Hold (ns)</cell>
 <cell>External Hold (ns)</cell>
 <cell>Operating Conditions</cell>
</header>
<row>
 <cell>Path 1</cell>
 <cell>Bclk</cell>
 <cell>syncSignal:D</cell>
 <cell>1.953</cell>
 <cell></cell>
 <cell>1.953</cell>
 <cell></cell>
 <cell>0.000</cell>
 <cell>0.199</cell>
 <cell>TYPICAL</cell>
</row>
</table>
<text></text>
<section><name>Expanded Path 1</name></section>
<table>
<header>
 <cell>Pin Name</cell>
 <cell>Type</cell>
 <cell>Net Name</cell>
 <cell>Cell Name</cell>
 <cell>Op</cell>
 <cell>Delay (ns)</cell>
 <cell>Total (ns)</cell>
 <cell>Fanout</cell>
 <cell>Edge</cell>
</header>
<row>
 <cell>From: Bclk</cell>
 <cell></cell>
 <cell></cell>
 <cell></cell>
 <cell></cell>
 <cell></cell>
 <cell></cell>
 <cell></cell>
 <cell></cell>
</row>
<row>
 <cell>To: syncSignal:D</cell>
 <cell></cell>
 <cell></cell>
 <cell></cell>
 <cell></cell>
 <cell></cell>
 <cell></cell>
 <cell></cell>
 <cell></cell>
</row>
<row>
 <cell>data arrival time</cell>
 <cell></cell>
 <cell></cell>
 <cell></cell>
 <cell></cell>
 <cell></cell>
 <cell>1.953</cell>
 <cell></cell>
 <cell></cell>
</row>
<row>
 <cell>data required time</cell>
 <cell></cell>
 <cell></cell>
 <cell></cell>
 <cell>-</cell>
 <cell></cell>
 <cell>N/C</cell>
 <cell></cell>
 <cell></cell>
</row>
<row>
 <cell>slack</cell>
 <cell></cell>
 <cell></cell>
 <cell></cell>
 <cell></cell>
 <cell></cell>
 <cell>N/C</cell>
 <cell></cell>
 <cell></cell>
</row>
<row>
</row>
<row>
 <cell>Data arrival time calculation</cell>
 <cell></cell>
 <cell></cell>
 <cell></cell>
 <cell></cell>
 <cell></cell>
 <cell></cell>
 <cell></cell>
 <cell></cell>
</row>
<row>
 <cell>Bclk</cell>
 <cell></cell>
 <cell></cell>
 <cell></cell>
 <cell></cell>
 <cell>0.000</cell>
 <cell>0.000</cell>
 <cell></cell>
 <cell>r</cell>
</row>
<row>
 <cell>Bclk_ibuf/U0/U_IOPAD:PAD</cell>
 <cell>net</cell>
 <cell>Bclk</cell>
 <cell></cell>
 <cell>+</cell>
 <cell>0.000</cell>
 <cell>0.000</cell>
 <cell></cell>
 <cell>r</cell>
</row>
<row>
 <cell>Bclk_ibuf/U0/U_IOPAD:Y</cell>
 <cell>cell</cell>
 <cell></cell>
 <cell>ADLIB:IOPAD_IN</cell>
 <cell>+</cell>
 <cell>1.206</cell>
 <cell>1.206</cell>
 <cell>2</cell>
 <cell>r</cell>
</row>
<row>
 <cell>Bclk_ibuf/U0/U_IOINFF:A</cell>
 <cell>net</cell>
 <cell>Bclk_ibuf/U0/YIN1</cell>
 <cell></cell>
 <cell>+</cell>
 <cell>0.053</cell>
 <cell>1.259</cell>
 <cell></cell>
 <cell>r</cell>
</row>
<row>
 <cell>Bclk_ibuf/U0/U_IOINFF:Y</cell>
 <cell>cell</cell>
 <cell></cell>
 <cell>ADLIB:IOINFF_BYPASS</cell>
 <cell>+</cell>
 <cell>0.072</cell>
 <cell>1.331</cell>
 <cell>1</cell>
 <cell>r</cell>
</row>
<row>
 <cell>syncSignal:D</cell>
 <cell>net</cell>
 <cell>Bclk_ibuf_Z</cell>
 <cell></cell>
 <cell>+</cell>
 <cell>0.622</cell>
 <cell>1.953</cell>
 <cell></cell>
 <cell>r</cell>
</row>
<row>
 <cell>data arrival time</cell>
 <cell></cell>
 <cell></cell>
 <cell></cell>
 <cell></cell>
 <cell></cell>
 <cell>1.953</cell>
 <cell></cell>
 <cell></cell>
</row>
<row>
</row>
<row>
 <cell>Data required time calculation</cell>
 <cell></cell>
 <cell></cell>
 <cell></cell>
 <cell></cell>
 <cell></cell>
 <cell></cell>
 <cell></cell>
 <cell></cell>
</row>
<row>
 <cell>Aclk</cell>
 <cell></cell>
 <cell></cell>
 <cell></cell>
 <cell></cell>
 <cell>N/C</cell>
 <cell>N/C</cell>
 <cell></cell>
 <cell></cell>
</row>
<row>
 <cell>Aclk</cell>
 <cell>Clock source</cell>
 <cell></cell>
 <cell></cell>
 <cell>+</cell>
 <cell>0.000</cell>
 <cell>N/C</cell>
 <cell></cell>
 <cell>r</cell>
</row>
<row>
 <cell>Aclk_ibuf/U0/U_IOPAD:PAD</cell>
 <cell>net</cell>
 <cell>Aclk</cell>
 <cell></cell>
 <cell>+</cell>
 <cell>0.000</cell>
 <cell>N/C</cell>
 <cell></cell>
 <cell>r</cell>
</row>
<row>
 <cell>Aclk_ibuf/U0/U_IOPAD:Y</cell>
 <cell>cell</cell>
 <cell></cell>
 <cell>ADLIB:IOPAD_IN</cell>
 <cell>+</cell>
 <cell>0.726</cell>
 <cell>N/C</cell>
 <cell>2</cell>
 <cell>r</cell>
</row>
<row>
 <cell>Aclk_ibuf_RNI08V3:An</cell>
 <cell>net</cell>
 <cell>Aclk_ibuf_Z</cell>
 <cell></cell>
 <cell>+</cell>
 <cell>0.244</cell>
 <cell>N/C</cell>
 <cell></cell>
 <cell>f</cell>
</row>
<row>
 <cell>Aclk_ibuf_RNI08V3:YNn</cell>
 <cell>cell</cell>
 <cell></cell>
 <cell>ADLIB:GB</cell>
 <cell>+</cell>
 <cell>0.087</cell>
 <cell>N/C</cell>
 <cell>1</cell>
 <cell>f</cell>
</row>
<row>
 <cell>Aclk_ibuf_RNI08V3/U0_RGB1:An</cell>
 <cell>net</cell>
 <cell>Aclk_ibuf_RNI08V3/U0_YNn</cell>
 <cell></cell>
 <cell>+</cell>
 <cell>0.309</cell>
 <cell>N/C</cell>
 <cell></cell>
 <cell>f</cell>
</row>
<row>
 <cell>Aclk_ibuf_RNI08V3/U0_RGB1:YL</cell>
 <cell>cell</cell>
 <cell></cell>
 <cell>ADLIB:RGB</cell>
 <cell>+</cell>
 <cell>0.258</cell>
 <cell>N/C</cell>
 <cell>10</cell>
 <cell>r</cell>
</row>
<row>
 <cell>syncSignal:CLK</cell>
 <cell>net</cell>
 <cell>Aclk_c</cell>
 <cell></cell>
 <cell>+</cell>
 <cell>0.528</cell>
 <cell>N/C</cell>
 <cell></cell>
 <cell>r</cell>
</row>
<row>
 <cell>syncSignal:D</cell>
 <cell>Library hold time</cell>
 <cell></cell>
 <cell>ADLIB:SLE</cell>
 <cell>+</cell>
 <cell>0.000</cell>
 <cell>N/C</cell>
 <cell></cell>
 <cell></cell>
</row>
<row>
</row>
<row>
 <cell>Operating Conditions</cell>
 <cell>TYPICAL</cell>
</row>
</table>
</section>
<section>
<name>SET Clock to Output</name>
<text>No Path</text>
</section>
<section>
<name>SET Bclk to Aclk</name>
<text>No Path</text>
</section>
<section>
<name>SET Register to Asynchronous</name>
<text>No Path</text>
</section>
<section>
<name>SET External Removal</name>
<table>
<header>
 <cell/>
 <cell>From</cell>
 <cell>To</cell>
 <cell>Delay (ns)</cell>
 <cell>Slack (ns)</cell>
 <cell>Arrival (ns)</cell>
 <cell>Required (ns)</cell>
 <cell>Removal (ns)</cell>
 <cell>External Removal (ns)</cell>
 <cell>Operating Conditions</cell>
</header>
<row>
 <cell>Path 1</cell>
 <cell>reset</cell>
 <cell>syncOut[3]:ALn</cell>
 <cell>1.829</cell>
 <cell></cell>
 <cell>1.829</cell>
 <cell></cell>
 <cell>0.000</cell>
 <cell>-0.381</cell>
 <cell>BEST</cell>
</row>
<row>
 <cell>Path 2</cell>
 <cell>reset</cell>
 <cell>shiftRegister[3]:ALn</cell>
 <cell>1.829</cell>
 <cell></cell>
 <cell>1.829</cell>
 <cell></cell>
 <cell>0.000</cell>
 <cell>-0.381</cell>
 <cell>BEST</cell>
</row>
<row>
 <cell>Path 3</cell>
 <cell>reset</cell>
 <cell>shiftRegister[2]:ALn</cell>
 <cell>1.829</cell>
 <cell></cell>
 <cell>1.829</cell>
 <cell></cell>
 <cell>0.000</cell>
 <cell>-0.381</cell>
 <cell>BEST</cell>
</row>
<row>
 <cell>Path 4</cell>
 <cell>reset</cell>
 <cell>shiftRegister[0]:ALn</cell>
 <cell>1.829</cell>
 <cell></cell>
 <cell>1.829</cell>
 <cell></cell>
 <cell>0.000</cell>
 <cell>-0.381</cell>
 <cell>BEST</cell>
</row>
<row>
 <cell>Path 5</cell>
 <cell>reset</cell>
 <cell>data:ALn</cell>
 <cell>1.829</cell>
 <cell></cell>
 <cell>1.829</cell>
 <cell></cell>
 <cell>0.000</cell>
 <cell>-0.381</cell>
 <cell>BEST</cell>
</row>
</table>
<text></text>
<section><name>Expanded Path 1</name></section>
<table>
<header>
 <cell>Pin Name</cell>
 <cell>Type</cell>
 <cell>Net Name</cell>
 <cell>Cell Name</cell>
 <cell>Op</cell>
 <cell>Delay (ns)</cell>
 <cell>Total (ns)</cell>
 <cell>Fanout</cell>
 <cell>Edge</cell>
</header>
<row>
 <cell>From: reset</cell>
 <cell></cell>
 <cell></cell>
 <cell></cell>
 <cell></cell>
 <cell></cell>
 <cell></cell>
 <cell></cell>
 <cell></cell>
</row>
<row>
 <cell>To: syncOut[3]:ALn</cell>
 <cell></cell>
 <cell></cell>
 <cell></cell>
 <cell></cell>
 <cell></cell>
 <cell></cell>
 <cell></cell>
 <cell></cell>
</row>
<row>
 <cell>data arrival time</cell>
 <cell></cell>
 <cell></cell>
 <cell></cell>
 <cell></cell>
 <cell></cell>
 <cell>1.829</cell>
 <cell></cell>
 <cell></cell>
</row>
<row>
 <cell>data required time</cell>
 <cell></cell>
 <cell></cell>
 <cell></cell>
 <cell>-</cell>
 <cell></cell>
 <cell>N/C</cell>
 <cell></cell>
 <cell></cell>
</row>
<row>
 <cell>slack</cell>
 <cell></cell>
 <cell></cell>
 <cell></cell>
 <cell></cell>
 <cell></cell>
 <cell>N/C</cell>
 <cell></cell>
 <cell></cell>
</row>
<row>
</row>
<row>
 <cell>Data arrival time calculation</cell>
 <cell></cell>
 <cell></cell>
 <cell></cell>
 <cell></cell>
 <cell></cell>
 <cell></cell>
 <cell></cell>
 <cell></cell>
</row>
<row>
 <cell>reset</cell>
 <cell></cell>
 <cell></cell>
 <cell></cell>
 <cell></cell>
 <cell>0.000</cell>
 <cell>0.000</cell>
 <cell></cell>
 <cell>f</cell>
</row>
<row>
 <cell>reset_ibuf/U0/U_IOPAD:PAD</cell>
 <cell>net</cell>
 <cell>reset</cell>
 <cell></cell>
 <cell>+</cell>
 <cell>0.000</cell>
 <cell>0.000</cell>
 <cell></cell>
 <cell>f</cell>
</row>
<row>
 <cell>reset_ibuf/U0/U_IOPAD:Y</cell>
 <cell>cell</cell>
 <cell></cell>
 <cell>ADLIB:IOPAD_IN</cell>
 <cell>+</cell>
 <cell>0.890</cell>
 <cell>0.890</cell>
 <cell>2</cell>
 <cell>f</cell>
</row>
<row>
 <cell>reset_ibuf_RNI8255:An</cell>
 <cell>net</cell>
 <cell>reset_ibuf_Z</cell>
 <cell></cell>
 <cell>+</cell>
 <cell>0.207</cell>
 <cell>1.097</cell>
 <cell></cell>
 <cell>r</cell>
</row>
<row>
 <cell>reset_ibuf_RNI8255:YNn</cell>
 <cell>cell</cell>
 <cell></cell>
 <cell>ADLIB:GB</cell>
 <cell>+</cell>
 <cell>0.054</cell>
 <cell>1.151</cell>
 <cell>1</cell>
 <cell>r</cell>
</row>
<row>
 <cell>reset_ibuf_RNI8255/U0_RGB1:An</cell>
 <cell>net</cell>
 <cell>reset_ibuf_RNI8255/U0_YNn</cell>
 <cell></cell>
 <cell>+</cell>
 <cell>0.183</cell>
 <cell>1.334</cell>
 <cell></cell>
 <cell>r</cell>
</row>
<row>
 <cell>reset_ibuf_RNI8255/U0_RGB1:YL</cell>
 <cell>cell</cell>
 <cell></cell>
 <cell>ADLIB:RGB</cell>
 <cell>+</cell>
 <cell>0.121</cell>
 <cell>1.455</cell>
 <cell>14</cell>
 <cell>f</cell>
</row>
<row>
 <cell>syncOut[3]:ALn</cell>
 <cell>net</cell>
 <cell>reset_c</cell>
 <cell></cell>
 <cell>+</cell>
 <cell>0.374</cell>
 <cell>1.829</cell>
 <cell></cell>
 <cell>r</cell>
</row>
<row>
 <cell>data arrival time</cell>
 <cell></cell>
 <cell></cell>
 <cell></cell>
 <cell></cell>
 <cell></cell>
 <cell>1.829</cell>
 <cell></cell>
 <cell></cell>
</row>
<row>
</row>
<row>
 <cell>Data required time calculation</cell>
 <cell></cell>
 <cell></cell>
 <cell></cell>
 <cell></cell>
 <cell></cell>
 <cell></cell>
 <cell></cell>
 <cell></cell>
</row>
<row>
 <cell>Aclk</cell>
 <cell></cell>
 <cell></cell>
 <cell></cell>
 <cell></cell>
 <cell>N/C</cell>
 <cell>N/C</cell>
 <cell></cell>
 <cell></cell>
</row>
<row>
 <cell>Aclk</cell>
 <cell>Clock source</cell>
 <cell></cell>
 <cell></cell>
 <cell>+</cell>
 <cell>0.000</cell>
 <cell>N/C</cell>
 <cell></cell>
 <cell>r</cell>
</row>
<row>
 <cell>Aclk_ibuf/U0/U_IOPAD:PAD</cell>
 <cell>net</cell>
 <cell>Aclk</cell>
 <cell></cell>
 <cell>+</cell>
 <cell>0.000</cell>
 <cell>N/C</cell>
 <cell></cell>
 <cell>r</cell>
</row>
<row>
 <cell>Aclk_ibuf/U0/U_IOPAD:Y</cell>
 <cell>cell</cell>
 <cell></cell>
 <cell>ADLIB:IOPAD_IN</cell>
 <cell>+</cell>
 <cell>0.486</cell>
 <cell>N/C</cell>
 <cell>2</cell>
 <cell>r</cell>
</row>
<row>
 <cell>Aclk_ibuf_RNI08V3:An</cell>
 <cell>net</cell>
 <cell>Aclk_ibuf_Z</cell>
 <cell></cell>
 <cell>+</cell>
 <cell>0.163</cell>
 <cell>N/C</cell>
 <cell></cell>
 <cell>f</cell>
</row>
<row>
 <cell>Aclk_ibuf_RNI08V3:YNn</cell>
 <cell>cell</cell>
 <cell></cell>
 <cell>ADLIB:GB</cell>
 <cell>+</cell>
 <cell>0.058</cell>
 <cell>N/C</cell>
 <cell>1</cell>
 <cell>f</cell>
</row>
<row>
 <cell>Aclk_ibuf_RNI08V3/U0_RGB1:An</cell>
 <cell>net</cell>
 <cell>Aclk_ibuf_RNI08V3/U0_YNn</cell>
 <cell></cell>
 <cell>+</cell>
 <cell>0.207</cell>
 <cell>N/C</cell>
 <cell></cell>
 <cell>f</cell>
</row>
<row>
 <cell>Aclk_ibuf_RNI08V3/U0_RGB1:YL</cell>
 <cell>cell</cell>
 <cell></cell>
 <cell>ADLIB:RGB</cell>
 <cell>+</cell>
 <cell>0.173</cell>
 <cell>N/C</cell>
 <cell>10</cell>
 <cell>r</cell>
</row>
<row>
 <cell>syncOut[3]:CLK</cell>
 <cell>net</cell>
 <cell>Aclk_c</cell>
 <cell></cell>
 <cell>+</cell>
 <cell>0.361</cell>
 <cell>N/C</cell>
 <cell></cell>
 <cell>r</cell>
</row>
<row>
 <cell>syncOut[3]:ALn</cell>
 <cell>Library removal time</cell>
 <cell></cell>
 <cell>ADLIB:SLE</cell>
 <cell>+</cell>
 <cell>0.000</cell>
 <cell>N/C</cell>
 <cell></cell>
 <cell></cell>
</row>
<row>
</row>
<row>
 <cell>Operating Conditions</cell>
 <cell>BEST</cell>
</row>
</table>
</section>
<section>
<name>SET Asynchronous to Register</name>
<text>No Path</text>
</section>
</section>
<section>
<name>Clock Domain Bclk</name>
<text></text>
<section>
<name>SET Register to Register</name>
<text>No Path</text>
</section>
<section>
<name>SET External Hold</name>
<text>No Path</text>
</section>
<section>
<name>SET Clock to Output</name>
<table>
<header>
 <cell/>
 <cell>From</cell>
 <cell>To</cell>
 <cell>Delay (ns)</cell>
 <cell>Slack (ns)</cell>
 <cell>Arrival (ns)</cell>
 <cell>Required (ns)</cell>
 <cell>Clock to Out (ns)</cell>
 <cell>Operating Conditions</cell>
</header>
<row>
 <cell>Path 1</cell>
 <cell>Dout_Z[0]:CLK</cell>
 <cell>Dout[0]</cell>
 <cell>2.435</cell>
 <cell></cell>
 <cell>4.007</cell>
 <cell></cell>
 <cell>4.007</cell>
 <cell>BEST</cell>
</row>
<row>
 <cell>Path 2</cell>
 <cell>Dout_Z[3]:CLK</cell>
 <cell>Dout[3]</cell>
 <cell>2.464</cell>
 <cell></cell>
 <cell>4.035</cell>
 <cell></cell>
 <cell>4.035</cell>
 <cell>BEST</cell>
</row>
<row>
 <cell>Path 3</cell>
 <cell>Dout_Z[2]:CLK</cell>
 <cell>Dout[2]</cell>
 <cell>2.478</cell>
 <cell></cell>
 <cell>4.043</cell>
 <cell></cell>
 <cell>4.043</cell>
 <cell>BEST</cell>
</row>
<row>
 <cell>Path 4</cell>
 <cell>Dout_Z[1]:CLK</cell>
 <cell>Dout[1]</cell>
 <cell>2.672</cell>
 <cell></cell>
 <cell>4.244</cell>
 <cell></cell>
 <cell>4.244</cell>
 <cell>BEST</cell>
</row>
</table>
<text></text>
<section><name>Expanded Path 1</name></section>
<table>
<header>
 <cell>Pin Name</cell>
 <cell>Type</cell>
 <cell>Net Name</cell>
 <cell>Cell Name</cell>
 <cell>Op</cell>
 <cell>Delay (ns)</cell>
 <cell>Total (ns)</cell>
 <cell>Fanout</cell>
 <cell>Edge</cell>
</header>
<row>
 <cell>From: Dout_Z[0]:CLK</cell>
 <cell></cell>
 <cell></cell>
 <cell></cell>
 <cell></cell>
 <cell></cell>
 <cell></cell>
 <cell></cell>
 <cell></cell>
</row>
<row>
 <cell>To: Dout[0]</cell>
 <cell></cell>
 <cell></cell>
 <cell></cell>
 <cell></cell>
 <cell></cell>
 <cell></cell>
 <cell></cell>
 <cell></cell>
</row>
<row>
 <cell>data arrival time</cell>
 <cell></cell>
 <cell></cell>
 <cell></cell>
 <cell></cell>
 <cell></cell>
 <cell>4.007</cell>
 <cell></cell>
 <cell></cell>
</row>
<row>
 <cell>data required time</cell>
 <cell></cell>
 <cell></cell>
 <cell></cell>
 <cell>-</cell>
 <cell></cell>
 <cell>N/C</cell>
 <cell></cell>
 <cell></cell>
</row>
<row>
 <cell>slack</cell>
 <cell></cell>
 <cell></cell>
 <cell></cell>
 <cell></cell>
 <cell></cell>
 <cell>N/C</cell>
 <cell></cell>
 <cell></cell>
</row>
<row>
</row>
<row>
 <cell>Data arrival time calculation</cell>
 <cell></cell>
 <cell></cell>
 <cell></cell>
 <cell></cell>
 <cell></cell>
 <cell></cell>
 <cell></cell>
 <cell></cell>
</row>
<row>
 <cell>Bclk</cell>
 <cell></cell>
 <cell></cell>
 <cell></cell>
 <cell></cell>
 <cell>0.000</cell>
 <cell>0.000</cell>
 <cell></cell>
 <cell></cell>
</row>
<row>
 <cell>Bclk</cell>
 <cell>Clock source</cell>
 <cell></cell>
 <cell></cell>
 <cell>+</cell>
 <cell>0.000</cell>
 <cell>0.000</cell>
 <cell></cell>
 <cell>r</cell>
</row>
<row>
 <cell>Bclk_ibuf/U0/U_IOPAD:PAD</cell>
 <cell>net</cell>
 <cell>Bclk</cell>
 <cell></cell>
 <cell>+</cell>
 <cell>0.000</cell>
 <cell>0.000</cell>
 <cell></cell>
 <cell>r</cell>
</row>
<row>
 <cell>Bclk_ibuf/U0/U_IOPAD:Y</cell>
 <cell>cell</cell>
 <cell></cell>
 <cell>ADLIB:IOPAD_IN</cell>
 <cell>+</cell>
 <cell>0.797</cell>
 <cell>0.797</cell>
 <cell>2</cell>
 <cell>r</cell>
</row>
<row>
 <cell>Bclk_ibuf_RNI1GRC:An</cell>
 <cell>net</cell>
 <cell>Bclk_ibuf/U0/YIN1</cell>
 <cell></cell>
 <cell>+</cell>
 <cell>0.036</cell>
 <cell>0.833</cell>
 <cell></cell>
 <cell>f</cell>
</row>
<row>
 <cell>Bclk_ibuf_RNI1GRC:YNn</cell>
 <cell>cell</cell>
 <cell></cell>
 <cell>ADLIB:GB</cell>
 <cell>+</cell>
 <cell>0.057</cell>
 <cell>0.890</cell>
 <cell>1</cell>
 <cell>f</cell>
</row>
<row>
 <cell>Bclk_ibuf_RNI1GRC/U0_RGB1:An</cell>
 <cell>net</cell>
 <cell>Bclk_ibuf_RNI1GRC/U0_YNn</cell>
 <cell></cell>
 <cell>+</cell>
 <cell>0.184</cell>
 <cell>1.074</cell>
 <cell></cell>
 <cell>f</cell>
</row>
<row>
 <cell>Bclk_ibuf_RNI1GRC/U0_RGB1:YL</cell>
 <cell>cell</cell>
 <cell></cell>
 <cell>ADLIB:RGB</cell>
 <cell>+</cell>
 <cell>0.168</cell>
 <cell>1.242</cell>
 <cell>4</cell>
 <cell>r</cell>
</row>
<row>
 <cell>Dout_Z[0]:CLK</cell>
 <cell>net</cell>
 <cell>Bclk_c</cell>
 <cell></cell>
 <cell>+</cell>
 <cell>0.330</cell>
 <cell>1.572</cell>
 <cell></cell>
 <cell>r</cell>
</row>
<row>
 <cell>Dout_Z[0]:Q</cell>
 <cell>cell</cell>
 <cell></cell>
 <cell>ADLIB:SLE</cell>
 <cell>+</cell>
 <cell>0.062</cell>
 <cell>1.634</cell>
 <cell>1</cell>
 <cell>r</cell>
</row>
<row>
 <cell>Dout_obuf[0]/U0/U_IOOUTFF:A</cell>
 <cell>net</cell>
 <cell>Dout_c[0]</cell>
 <cell></cell>
 <cell>+</cell>
 <cell>0.616</cell>
 <cell>2.250</cell>
 <cell></cell>
 <cell>r</cell>
</row>
<row>
 <cell>Dout_obuf[0]/U0/U_IOOUTFF:Y</cell>
 <cell>cell</cell>
 <cell></cell>
 <cell>ADLIB:IOOUTFF_BYPASS</cell>
 <cell>+</cell>
 <cell>0.124</cell>
 <cell>2.374</cell>
 <cell>1</cell>
 <cell>r</cell>
</row>
<row>
 <cell>Dout_obuf[0]/U0/U_IOPAD:D</cell>
 <cell>net</cell>
 <cell>Dout_obuf[0]/U0/DOUT</cell>
 <cell></cell>
 <cell>+</cell>
 <cell>0.034</cell>
 <cell>2.408</cell>
 <cell></cell>
 <cell>r</cell>
</row>
<row>
 <cell>Dout_obuf[0]/U0/U_IOPAD:PAD</cell>
 <cell>cell</cell>
 <cell></cell>
 <cell>ADLIB:IOPAD_TRI</cell>
 <cell>+</cell>
 <cell>1.599</cell>
 <cell>4.007</cell>
 <cell>0</cell>
 <cell>r</cell>
</row>
<row>
 <cell>Dout[0]</cell>
 <cell>net</cell>
 <cell>Dout[0]</cell>
 <cell></cell>
 <cell>+</cell>
 <cell>0.000</cell>
 <cell>4.007</cell>
 <cell></cell>
 <cell>r</cell>
</row>
<row>
 <cell>data arrival time</cell>
 <cell></cell>
 <cell></cell>
 <cell></cell>
 <cell></cell>
 <cell></cell>
 <cell>4.007</cell>
 <cell></cell>
 <cell></cell>
</row>
<row>
</row>
<row>
 <cell>Data required time calculation</cell>
 <cell></cell>
 <cell></cell>
 <cell></cell>
 <cell></cell>
 <cell></cell>
 <cell></cell>
 <cell></cell>
 <cell></cell>
</row>
<row>
 <cell>Bclk</cell>
 <cell></cell>
 <cell></cell>
 <cell></cell>
 <cell></cell>
 <cell>N/C</cell>
 <cell>N/C</cell>
 <cell></cell>
 <cell></cell>
</row>
<row>
 <cell>Bclk</cell>
 <cell>Clock source</cell>
 <cell></cell>
 <cell></cell>
 <cell>+</cell>
 <cell>0.000</cell>
 <cell>N/C</cell>
 <cell></cell>
 <cell>r</cell>
</row>
<row>
 <cell>Dout[0]</cell>
 <cell></cell>
 <cell></cell>
 <cell></cell>
 <cell></cell>
 <cell></cell>
 <cell>N/C</cell>
 <cell></cell>
 <cell>r</cell>
</row>
<row>
</row>
<row>
 <cell>Operating Conditions</cell>
 <cell>BEST</cell>
</row>
</table>
</section>
<section>
<name>SET Aclk to Bclk</name>
<text>No Path</text>
</section>
<section>
<name>SET Register to Asynchronous</name>
<text>No Path</text>
</section>
<section>
<name>SET External Removal</name>
<table>
<header>
 <cell/>
 <cell>From</cell>
 <cell>To</cell>
 <cell>Delay (ns)</cell>
 <cell>Slack (ns)</cell>
 <cell>Arrival (ns)</cell>
 <cell>Required (ns)</cell>
 <cell>Removal (ns)</cell>
 <cell>External Removal (ns)</cell>
 <cell>Operating Conditions</cell>
</header>
<row>
 <cell>Path 1</cell>
 <cell>reset</cell>
 <cell>Dout_Z[1]:ALn</cell>
 <cell>1.811</cell>
 <cell></cell>
 <cell>1.811</cell>
 <cell></cell>
 <cell>0.000</cell>
 <cell>-0.192</cell>
 <cell>BEST</cell>
</row>
<row>
 <cell>Path 2</cell>
 <cell>reset</cell>
 <cell>Dout_Z[0]:ALn</cell>
 <cell>1.811</cell>
 <cell></cell>
 <cell>1.811</cell>
 <cell></cell>
 <cell>0.000</cell>
 <cell>-0.192</cell>
 <cell>BEST</cell>
</row>
<row>
 <cell>Path 3</cell>
 <cell>reset</cell>
 <cell>Dout_Z[3]:ALn</cell>
 <cell>1.811</cell>
 <cell></cell>
 <cell>1.811</cell>
 <cell></cell>
 <cell>0.000</cell>
 <cell>-0.193</cell>
 <cell>BEST</cell>
</row>
<row>
 <cell>Path 4</cell>
 <cell>reset</cell>
 <cell>Dout_Z[2]:ALn</cell>
 <cell>1.811</cell>
 <cell></cell>
 <cell>1.811</cell>
 <cell></cell>
 <cell>0.000</cell>
 <cell>-0.199</cell>
 <cell>BEST</cell>
</row>
</table>
<text></text>
<section><name>Expanded Path 1</name></section>
<table>
<header>
 <cell>Pin Name</cell>
 <cell>Type</cell>
 <cell>Net Name</cell>
 <cell>Cell Name</cell>
 <cell>Op</cell>
 <cell>Delay (ns)</cell>
 <cell>Total (ns)</cell>
 <cell>Fanout</cell>
 <cell>Edge</cell>
</header>
<row>
 <cell>From: reset</cell>
 <cell></cell>
 <cell></cell>
 <cell></cell>
 <cell></cell>
 <cell></cell>
 <cell></cell>
 <cell></cell>
 <cell></cell>
</row>
<row>
 <cell>To: Dout_Z[1]:ALn</cell>
 <cell></cell>
 <cell></cell>
 <cell></cell>
 <cell></cell>
 <cell></cell>
 <cell></cell>
 <cell></cell>
 <cell></cell>
</row>
<row>
 <cell>data arrival time</cell>
 <cell></cell>
 <cell></cell>
 <cell></cell>
 <cell></cell>
 <cell></cell>
 <cell>1.811</cell>
 <cell></cell>
 <cell></cell>
</row>
<row>
 <cell>data required time</cell>
 <cell></cell>
 <cell></cell>
 <cell></cell>
 <cell>-</cell>
 <cell></cell>
 <cell>N/C</cell>
 <cell></cell>
 <cell></cell>
</row>
<row>
 <cell>slack</cell>
 <cell></cell>
 <cell></cell>
 <cell></cell>
 <cell></cell>
 <cell></cell>
 <cell>N/C</cell>
 <cell></cell>
 <cell></cell>
</row>
<row>
</row>
<row>
 <cell>Data arrival time calculation</cell>
 <cell></cell>
 <cell></cell>
 <cell></cell>
 <cell></cell>
 <cell></cell>
 <cell></cell>
 <cell></cell>
 <cell></cell>
</row>
<row>
 <cell>reset</cell>
 <cell></cell>
 <cell></cell>
 <cell></cell>
 <cell></cell>
 <cell>0.000</cell>
 <cell>0.000</cell>
 <cell></cell>
 <cell>f</cell>
</row>
<row>
 <cell>reset_ibuf/U0/U_IOPAD:PAD</cell>
 <cell>net</cell>
 <cell>reset</cell>
 <cell></cell>
 <cell>+</cell>
 <cell>0.000</cell>
 <cell>0.000</cell>
 <cell></cell>
 <cell>f</cell>
</row>
<row>
 <cell>reset_ibuf/U0/U_IOPAD:Y</cell>
 <cell>cell</cell>
 <cell></cell>
 <cell>ADLIB:IOPAD_IN</cell>
 <cell>+</cell>
 <cell>0.890</cell>
 <cell>0.890</cell>
 <cell>2</cell>
 <cell>f</cell>
</row>
<row>
 <cell>reset_ibuf_RNI8255:An</cell>
 <cell>net</cell>
 <cell>reset_ibuf_Z</cell>
 <cell></cell>
 <cell>+</cell>
 <cell>0.207</cell>
 <cell>1.097</cell>
 <cell></cell>
 <cell>r</cell>
</row>
<row>
 <cell>reset_ibuf_RNI8255:YNn</cell>
 <cell>cell</cell>
 <cell></cell>
 <cell>ADLIB:GB</cell>
 <cell>+</cell>
 <cell>0.054</cell>
 <cell>1.151</cell>
 <cell>1</cell>
 <cell>r</cell>
</row>
<row>
 <cell>reset_ibuf_RNI8255/U0_RGB1:An</cell>
 <cell>net</cell>
 <cell>reset_ibuf_RNI8255/U0_YNn</cell>
 <cell></cell>
 <cell>+</cell>
 <cell>0.183</cell>
 <cell>1.334</cell>
 <cell></cell>
 <cell>r</cell>
</row>
<row>
 <cell>reset_ibuf_RNI8255/U0_RGB1:YL</cell>
 <cell>cell</cell>
 <cell></cell>
 <cell>ADLIB:RGB</cell>
 <cell>+</cell>
 <cell>0.121</cell>
 <cell>1.455</cell>
 <cell>14</cell>
 <cell>f</cell>
</row>
<row>
 <cell>Dout_Z[1]:ALn</cell>
 <cell>net</cell>
 <cell>reset_c</cell>
 <cell></cell>
 <cell>+</cell>
 <cell>0.356</cell>
 <cell>1.811</cell>
 <cell></cell>
 <cell>r</cell>
</row>
<row>
 <cell>data arrival time</cell>
 <cell></cell>
 <cell></cell>
 <cell></cell>
 <cell></cell>
 <cell></cell>
 <cell>1.811</cell>
 <cell></cell>
 <cell></cell>
</row>
<row>
</row>
<row>
 <cell>Data required time calculation</cell>
 <cell></cell>
 <cell></cell>
 <cell></cell>
 <cell></cell>
 <cell></cell>
 <cell></cell>
 <cell></cell>
 <cell></cell>
</row>
<row>
 <cell>Bclk</cell>
 <cell></cell>
 <cell></cell>
 <cell></cell>
 <cell></cell>
 <cell>N/C</cell>
 <cell>N/C</cell>
 <cell></cell>
 <cell></cell>
</row>
<row>
 <cell>Bclk</cell>
 <cell>Clock source</cell>
 <cell></cell>
 <cell></cell>
 <cell>+</cell>
 <cell>0.000</cell>
 <cell>N/C</cell>
 <cell></cell>
 <cell>r</cell>
</row>
<row>
 <cell>Bclk_ibuf/U0/U_IOPAD:PAD</cell>
 <cell>net</cell>
 <cell>Bclk</cell>
 <cell></cell>
 <cell>+</cell>
 <cell>0.000</cell>
 <cell>N/C</cell>
 <cell></cell>
 <cell>r</cell>
</row>
<row>
 <cell>Bclk_ibuf/U0/U_IOPAD:Y</cell>
 <cell>cell</cell>
 <cell></cell>
 <cell>ADLIB:IOPAD_IN</cell>
 <cell>+</cell>
 <cell>0.821</cell>
 <cell>N/C</cell>
 <cell>2</cell>
 <cell>r</cell>
</row>
<row>
 <cell>Bclk_ibuf_RNI1GRC:An</cell>
 <cell>net</cell>
 <cell>Bclk_ibuf/U0/YIN1</cell>
 <cell></cell>
 <cell>+</cell>
 <cell>0.037</cell>
 <cell>N/C</cell>
 <cell></cell>
 <cell>f</cell>
</row>
<row>
 <cell>Bclk_ibuf_RNI1GRC:YNn</cell>
 <cell>cell</cell>
 <cell></cell>
 <cell>ADLIB:GB</cell>
 <cell>+</cell>
 <cell>0.058</cell>
 <cell>N/C</cell>
 <cell>1</cell>
 <cell>f</cell>
</row>
<row>
 <cell>Bclk_ibuf_RNI1GRC/U0_RGB1:An</cell>
 <cell>net</cell>
 <cell>Bclk_ibuf_RNI1GRC/U0_YNn</cell>
 <cell></cell>
 <cell>+</cell>
 <cell>0.190</cell>
 <cell>N/C</cell>
 <cell></cell>
 <cell>f</cell>
</row>
<row>
 <cell>Bclk_ibuf_RNI1GRC/U0_RGB1:YL</cell>
 <cell>cell</cell>
 <cell></cell>
 <cell>ADLIB:RGB</cell>
 <cell>+</cell>
 <cell>0.173</cell>
 <cell>N/C</cell>
 <cell>4</cell>
 <cell>r</cell>
</row>
<row>
 <cell>Dout_Z[1]:CLK</cell>
 <cell>net</cell>
 <cell>Bclk_c</cell>
 <cell></cell>
 <cell>+</cell>
 <cell>0.340</cell>
 <cell>N/C</cell>
 <cell></cell>
 <cell>r</cell>
</row>
<row>
 <cell>Dout_Z[1]:ALn</cell>
 <cell>Library removal time</cell>
 <cell></cell>
 <cell>ADLIB:SLE</cell>
 <cell>+</cell>
 <cell>0.000</cell>
 <cell>N/C</cell>
 <cell></cell>
 <cell></cell>
</row>
<row>
</row>
<row>
 <cell>Operating Conditions</cell>
 <cell>BEST</cell>
</row>
</table>
</section>
<section>
<name>SET Asynchronous to Register</name>
<text>No Path</text>
</section>
</section>
<section>
<name>Path Set Pin to Pin</name>
<section>
<name>SET Input to Output</name>
<text>No Path</text>
</section>
</section>
<section>
<name>Path Set User Sets</name>
</section>
</doc>
