<?xml version="1.0" encoding="UTF-8" standalone="no" ?>
<?xml-stylesheet href="rptstyle.xsl" type="text/xsl" ?>
<doc>
<title>I/O Register Combining Report</title>
<text>Microsemi Corporation - Microsemi Libero Software Release v12.6 (Version 12.900.20.24)</text>
<text>Date: Mon Nov 27 19:37:39 2023
</text>
<section><name>I/O Register Combining Summary</name></section>
<table>
<header>
</header>
</table>
<section><name>I/O DDR Register Combining Summary</name></section>
<table>
<header>
</header>
</table>
</doc>
