<?xml version="1.0" encoding="UTF-8" standalone="no" ?>
<?xml-stylesheet href="rptstyle.xsl" type="text/xsl" ?>
<doc>
<title>Timing Multi Corner Report Max Delay Analysis
</title>
<text>SmartTime Version 12.900.20.24</text>
<text>Microsemi Corporation - Microsemi Libero Software Release v12.6 (Version 12.900.20.24)</text>
<text>Date: Tue Nov 28 19:52:09 2023
</text>
<table>
<header>
</header>
<row>
 <cell>Design</cell>
 <cell>SlowFast</cell>
</row>
<row>
 <cell>Family</cell>
 <cell>SmartFusion2</cell>
</row>
<row>
 <cell>Die</cell>
 <cell>M2S010</cell>
</row>
<row>
 <cell>Package</cell>
 <cell>144 TQ</cell>
</row>
<row>
 <cell>Temperature Range</cell>
 <cell>0 - 85 C</cell>
</row>
<row>
 <cell>Voltage Range</cell>
 <cell>1.14 - 1.26 V</cell>
</row>
<row>
 <cell>Speed Grade</cell>
 <cell>STD</cell>
</row>
<row>
 <cell>Design State</cell>
 <cell>Post-Layout</cell>
</row>
<row>
 <cell>Data source</cell>
 <cell>Production</cell>
</row>
<row>
 <cell>Multi Corner Report Operating Conditions</cell>
 <cell>BEST, TYPICAL, WORST</cell>
</row>
<row>
 <cell>Scenario for Timing Analysis</cell>
 <cell>timing_analysis</cell>
</row>
</table>
<text></text>
<section>
<name>Summary</name>
<table>
<header>
 <cell>Clock Domain</cell>
 <cell>Required Period (ns)</cell>
 <cell>Required Frequency (MHz)</cell>
 <cell>Worst Slack (ns)</cell>
 <cell>Operating Conditions</cell>
</header>
<row>
 <cell>Aclk</cell>
 <cell>N/A</cell>
 <cell>N/A</cell>
 <cell></cell>
 <cell></cell>
</row>
<row>
 <cell>Bclk</cell>
 <cell>N/A</cell>
 <cell>N/A</cell>
 <cell></cell>
 <cell></cell>
</row>
</table>
<text></text>
<table>
<header>
 <cell></cell>
 <cell>Worst Slack (ns)</cell>
 <cell>Operating Conditions</cell>
</header>
<row>
 <cell>Input to Output</cell>
 <cell></cell>
 <cell></cell>
</row>
</table>
</section>
<section>
<name>Clock Domain Aclk</name>
<text></text>
<section>
<name>SET Register to Register</name>
<table>
<header>
 <cell/>
 <cell>From</cell>
 <cell>To</cell>
 <cell>Delay (ns)</cell>
 <cell>Slack (ns)</cell>
 <cell>Arrival (ns)</cell>
 <cell>Required (ns)</cell>
 <cell>Setup (ns)</cell>
 <cell>Minimum Period (ns)</cell>
 <cell>Operating Conditions</cell>
</header>
<row>
 <cell>Path 1</cell>
 <cell>data:CLK</cell>
 <cell>data:D</cell>
 <cell>0.813</cell>
 <cell></cell>
 <cell>3.315</cell>
 <cell></cell>
 <cell>0.299</cell>
 <cell>1.112</cell>
 <cell>WORST</cell>
</row>
<row>
 <cell>Path 2</cell>
 <cell>syncSignal:CLK</cell>
 <cell>syncOut[2]:EN</cell>
 <cell>0.660</cell>
 <cell></cell>
 <cell>3.150</cell>
 <cell></cell>
 <cell>0.363</cell>
 <cell>1.041</cell>
 <cell>WORST</cell>
</row>
<row>
 <cell>Path 3</cell>
 <cell>syncSignal:CLK</cell>
 <cell>syncOut[1]:EN</cell>
 <cell>0.660</cell>
 <cell></cell>
 <cell>3.150</cell>
 <cell></cell>
 <cell>0.363</cell>
 <cell>1.041</cell>
 <cell>WORST</cell>
</row>
<row>
 <cell>Path 4</cell>
 <cell>syncSignal:CLK</cell>
 <cell>syncOut[0]:EN</cell>
 <cell>0.660</cell>
 <cell></cell>
 <cell>3.150</cell>
 <cell></cell>
 <cell>0.363</cell>
 <cell>1.041</cell>
 <cell>WORST</cell>
</row>
<row>
 <cell>Path 5</cell>
 <cell>syncSignal:CLK</cell>
 <cell>syncOut[3]:EN</cell>
 <cell>0.660</cell>
 <cell></cell>
 <cell>3.150</cell>
 <cell></cell>
 <cell>0.363</cell>
 <cell>1.030</cell>
 <cell>WORST</cell>
</row>
</table>
<text></text>
<section><name>Expanded Path 1</name></section>
<table>
<header>
 <cell>Pin Name</cell>
 <cell>Type</cell>
 <cell>Net Name</cell>
 <cell>Cell Name</cell>
 <cell>Op</cell>
 <cell>Delay (ns)</cell>
 <cell>Total (ns)</cell>
 <cell>Fanout</cell>
 <cell>Edge</cell>
</header>
<row>
 <cell>From: data:CLK</cell>
 <cell></cell>
 <cell></cell>
 <cell></cell>
 <cell></cell>
 <cell></cell>
 <cell></cell>
 <cell></cell>
 <cell></cell>
</row>
<row>
 <cell>To: data:D</cell>
 <cell></cell>
 <cell></cell>
 <cell></cell>
 <cell></cell>
 <cell></cell>
 <cell></cell>
 <cell></cell>
 <cell></cell>
</row>
<row>
 <cell>data required time</cell>
 <cell></cell>
 <cell></cell>
 <cell></cell>
 <cell></cell>
 <cell></cell>
 <cell>N/C</cell>
 <cell></cell>
 <cell></cell>
</row>
<row>
 <cell>data arrival time</cell>
 <cell></cell>
 <cell></cell>
 <cell></cell>
 <cell>-</cell>
 <cell></cell>
 <cell>3.315</cell>
 <cell></cell>
 <cell></cell>
</row>
<row>
 <cell>slack</cell>
 <cell></cell>
 <cell></cell>
 <cell></cell>
 <cell></cell>
 <cell></cell>
 <cell>N/C</cell>
 <cell></cell>
 <cell></cell>
</row>
<row>
</row>
<row>
 <cell>Data arrival time calculation</cell>
 <cell></cell>
 <cell></cell>
 <cell></cell>
 <cell></cell>
 <cell></cell>
 <cell></cell>
 <cell></cell>
 <cell></cell>
</row>
<row>
 <cell>Aclk</cell>
 <cell></cell>
 <cell></cell>
 <cell></cell>
 <cell></cell>
 <cell>0.000</cell>
 <cell>0.000</cell>
 <cell></cell>
 <cell></cell>
</row>
<row>
 <cell>Aclk</cell>
 <cell>Clock source</cell>
 <cell></cell>
 <cell></cell>
 <cell>+</cell>
 <cell>0.000</cell>
 <cell>0.000</cell>
 <cell></cell>
 <cell>r</cell>
</row>
<row>
 <cell>Aclk_ibuf/U0/U_IOPAD:PAD</cell>
 <cell>net</cell>
 <cell>Aclk</cell>
 <cell></cell>
 <cell>+</cell>
 <cell>0.000</cell>
 <cell>0.000</cell>
 <cell></cell>
 <cell>r</cell>
</row>
<row>
 <cell>Aclk_ibuf/U0/U_IOPAD:Y</cell>
 <cell>cell</cell>
 <cell></cell>
 <cell>ADLIB:IOPAD_IN</cell>
 <cell>+</cell>
 <cell>0.858</cell>
 <cell>0.858</cell>
 <cell>2</cell>
 <cell>r</cell>
</row>
<row>
 <cell>Aclk_ibuf_RNI08V3:An</cell>
 <cell>net</cell>
 <cell>Aclk_ibuf_Z</cell>
 <cell></cell>
 <cell>+</cell>
 <cell>0.279</cell>
 <cell>1.137</cell>
 <cell></cell>
 <cell>f</cell>
</row>
<row>
 <cell>Aclk_ibuf_RNI08V3:YNn</cell>
 <cell>cell</cell>
 <cell></cell>
 <cell>ADLIB:GB</cell>
 <cell>+</cell>
 <cell>0.100</cell>
 <cell>1.237</cell>
 <cell>1</cell>
 <cell>f</cell>
</row>
<row>
 <cell>Aclk_ibuf_RNI08V3/U0_RGB1:An</cell>
 <cell>net</cell>
 <cell>Aclk_ibuf_RNI08V3/U0_YNn</cell>
 <cell></cell>
 <cell>+</cell>
 <cell>0.355</cell>
 <cell>1.592</cell>
 <cell></cell>
 <cell>f</cell>
</row>
<row>
 <cell>Aclk_ibuf_RNI08V3/U0_RGB1:YL</cell>
 <cell>cell</cell>
 <cell></cell>
 <cell>ADLIB:RGB</cell>
 <cell>+</cell>
 <cell>0.295</cell>
 <cell>1.887</cell>
 <cell>10</cell>
 <cell>r</cell>
</row>
<row>
 <cell>data:CLK</cell>
 <cell>net</cell>
 <cell>Aclk_c</cell>
 <cell></cell>
 <cell>+</cell>
 <cell>0.615</cell>
 <cell>2.502</cell>
 <cell></cell>
 <cell>r</cell>
</row>
<row>
 <cell>data:Q</cell>
 <cell>cell</cell>
 <cell></cell>
 <cell>ADLIB:SLE</cell>
 <cell>+</cell>
 <cell>0.129</cell>
 <cell>2.631</cell>
 <cell>2</cell>
 <cell>f</cell>
</row>
<row>
 <cell>data_RNO:A</cell>
 <cell>net</cell>
 <cell>data_Z</cell>
 <cell></cell>
 <cell>+</cell>
 <cell>0.444</cell>
 <cell>3.075</cell>
 <cell></cell>
 <cell>f</cell>
</row>
<row>
 <cell>data_RNO:Y</cell>
 <cell>cell</cell>
 <cell></cell>
 <cell>ADLIB:CFG1</cell>
 <cell>+</cell>
 <cell>0.164</cell>
 <cell>3.239</cell>
 <cell>1</cell>
 <cell>r</cell>
</row>
<row>
 <cell>data:D</cell>
 <cell>net</cell>
 <cell>data_i</cell>
 <cell></cell>
 <cell>+</cell>
 <cell>0.076</cell>
 <cell>3.315</cell>
 <cell></cell>
 <cell>r</cell>
</row>
<row>
 <cell>data arrival time</cell>
 <cell></cell>
 <cell></cell>
 <cell></cell>
 <cell></cell>
 <cell></cell>
 <cell>3.315</cell>
 <cell></cell>
 <cell></cell>
</row>
<row>
</row>
<row>
 <cell>Data required time calculation</cell>
 <cell></cell>
 <cell></cell>
 <cell></cell>
 <cell></cell>
 <cell></cell>
 <cell></cell>
 <cell></cell>
 <cell></cell>
</row>
<row>
 <cell>Aclk</cell>
 <cell></cell>
 <cell></cell>
 <cell></cell>
 <cell></cell>
 <cell>N/C</cell>
 <cell>N/C</cell>
 <cell></cell>
 <cell></cell>
</row>
<row>
 <cell>Aclk</cell>
 <cell>Clock source</cell>
 <cell></cell>
 <cell></cell>
 <cell>+</cell>
 <cell>0.000</cell>
 <cell>N/C</cell>
 <cell></cell>
 <cell>r</cell>
</row>
<row>
 <cell>Aclk_ibuf/U0/U_IOPAD:PAD</cell>
 <cell>net</cell>
 <cell>Aclk</cell>
 <cell></cell>
 <cell>+</cell>
 <cell>0.000</cell>
 <cell>N/C</cell>
 <cell></cell>
 <cell>r</cell>
</row>
<row>
 <cell>Aclk_ibuf/U0/U_IOPAD:Y</cell>
 <cell>cell</cell>
 <cell></cell>
 <cell>ADLIB:IOPAD_IN</cell>
 <cell>+</cell>
 <cell>0.858</cell>
 <cell>N/C</cell>
 <cell>2</cell>
 <cell>r</cell>
</row>
<row>
 <cell>Aclk_ibuf_RNI08V3:An</cell>
 <cell>net</cell>
 <cell>Aclk_ibuf_Z</cell>
 <cell></cell>
 <cell>+</cell>
 <cell>0.279</cell>
 <cell>N/C</cell>
 <cell></cell>
 <cell>f</cell>
</row>
<row>
 <cell>Aclk_ibuf_RNI08V3:YNn</cell>
 <cell>cell</cell>
 <cell></cell>
 <cell>ADLIB:GB</cell>
 <cell>+</cell>
 <cell>0.100</cell>
 <cell>N/C</cell>
 <cell>1</cell>
 <cell>f</cell>
</row>
<row>
 <cell>Aclk_ibuf_RNI08V3/U0_RGB1:An</cell>
 <cell>net</cell>
 <cell>Aclk_ibuf_RNI08V3/U0_YNn</cell>
 <cell></cell>
 <cell>+</cell>
 <cell>0.355</cell>
 <cell>N/C</cell>
 <cell></cell>
 <cell>f</cell>
</row>
<row>
 <cell>Aclk_ibuf_RNI08V3/U0_RGB1:YL</cell>
 <cell>cell</cell>
 <cell></cell>
 <cell>ADLIB:RGB</cell>
 <cell>+</cell>
 <cell>0.295</cell>
 <cell>N/C</cell>
 <cell>10</cell>
 <cell>r</cell>
</row>
<row>
 <cell>data:CLK</cell>
 <cell>net</cell>
 <cell>Aclk_c</cell>
 <cell></cell>
 <cell>+</cell>
 <cell>0.615</cell>
 <cell>N/C</cell>
 <cell></cell>
 <cell>r</cell>
</row>
<row>
 <cell>data:D</cell>
 <cell>Library setup time</cell>
 <cell></cell>
 <cell>ADLIB:SLE</cell>
 <cell>-</cell>
 <cell>0.299</cell>
 <cell>N/C</cell>
 <cell></cell>
 <cell></cell>
</row>
<row>
</row>
<row>
 <cell>Operating Conditions</cell>
 <cell>WORST</cell>
</row>
</table>
</section>
<section>
<name>SET External Setup</name>
<table>
<header>
 <cell/>
 <cell>From</cell>
 <cell>To</cell>
 <cell>Delay (ns)</cell>
 <cell>Slack (ns)</cell>
 <cell>Arrival (ns)</cell>
 <cell>Required (ns)</cell>
 <cell>Setup (ns)</cell>
 <cell>External Setup (ns)</cell>
 <cell>Operating Conditions</cell>
</header>
<row>
 <cell>Path 1</cell>
 <cell>Bclk</cell>
 <cell>syncSignal:D</cell>
 <cell>2.568</cell>
 <cell></cell>
 <cell>2.568</cell>
 <cell></cell>
 <cell>0.194</cell>
 <cell>0.347</cell>
 <cell>WORST</cell>
</row>
</table>
<text></text>
<section><name>Expanded Path 1</name></section>
<table>
<header>
 <cell>Pin Name</cell>
 <cell>Type</cell>
 <cell>Net Name</cell>
 <cell>Cell Name</cell>
 <cell>Op</cell>
 <cell>Delay (ns)</cell>
 <cell>Total (ns)</cell>
 <cell>Fanout</cell>
 <cell>Edge</cell>
</header>
<row>
 <cell>From: Bclk</cell>
 <cell></cell>
 <cell></cell>
 <cell></cell>
 <cell></cell>
 <cell></cell>
 <cell></cell>
 <cell></cell>
 <cell></cell>
</row>
<row>
 <cell>To: syncSignal:D</cell>
 <cell></cell>
 <cell></cell>
 <cell></cell>
 <cell></cell>
 <cell></cell>
 <cell></cell>
 <cell></cell>
 <cell></cell>
</row>
<row>
 <cell>data required time</cell>
 <cell></cell>
 <cell></cell>
 <cell></cell>
 <cell></cell>
 <cell></cell>
 <cell>N/C</cell>
 <cell></cell>
 <cell></cell>
</row>
<row>
 <cell>data arrival time</cell>
 <cell></cell>
 <cell></cell>
 <cell></cell>
 <cell>-</cell>
 <cell></cell>
 <cell>2.568</cell>
 <cell></cell>
 <cell></cell>
</row>
<row>
 <cell>slack</cell>
 <cell></cell>
 <cell></cell>
 <cell></cell>
 <cell></cell>
 <cell></cell>
 <cell>N/C</cell>
 <cell></cell>
 <cell></cell>
</row>
<row>
</row>
<row>
 <cell>Data arrival time calculation</cell>
 <cell></cell>
 <cell></cell>
 <cell></cell>
 <cell></cell>
 <cell></cell>
 <cell></cell>
 <cell></cell>
 <cell></cell>
</row>
<row>
 <cell>Bclk</cell>
 <cell></cell>
 <cell></cell>
 <cell></cell>
 <cell></cell>
 <cell>0.000</cell>
 <cell>0.000</cell>
 <cell></cell>
 <cell>f</cell>
</row>
<row>
 <cell>Bclk_ibuf/U0/U_IOPAD:PAD</cell>
 <cell>net</cell>
 <cell>Bclk</cell>
 <cell></cell>
 <cell>+</cell>
 <cell>0.000</cell>
 <cell>0.000</cell>
 <cell></cell>
 <cell>f</cell>
</row>
<row>
 <cell>Bclk_ibuf/U0/U_IOPAD:Y</cell>
 <cell>cell</cell>
 <cell></cell>
 <cell>ADLIB:IOPAD_IN</cell>
 <cell>+</cell>
 <cell>1.647</cell>
 <cell>1.647</cell>
 <cell>2</cell>
 <cell>f</cell>
</row>
<row>
 <cell>Bclk_ibuf/U0/U_IOINFF:A</cell>
 <cell>net</cell>
 <cell>Bclk_ibuf/U0/YIN1</cell>
 <cell></cell>
 <cell>+</cell>
 <cell>0.116</cell>
 <cell>1.763</cell>
 <cell></cell>
 <cell>f</cell>
</row>
<row>
 <cell>Bclk_ibuf/U0/U_IOINFF:Y</cell>
 <cell>cell</cell>
 <cell></cell>
 <cell>ADLIB:IOINFF_BYPASS</cell>
 <cell>+</cell>
 <cell>0.095</cell>
 <cell>1.858</cell>
 <cell>1</cell>
 <cell>f</cell>
</row>
<row>
 <cell>syncSignal:D</cell>
 <cell>net</cell>
 <cell>Bclk_ibuf_Z</cell>
 <cell></cell>
 <cell>+</cell>
 <cell>0.710</cell>
 <cell>2.568</cell>
 <cell></cell>
 <cell>f</cell>
</row>
<row>
 <cell>data arrival time</cell>
 <cell></cell>
 <cell></cell>
 <cell></cell>
 <cell></cell>
 <cell></cell>
 <cell>2.568</cell>
 <cell></cell>
 <cell></cell>
</row>
<row>
</row>
<row>
 <cell>Data required time calculation</cell>
 <cell></cell>
 <cell></cell>
 <cell></cell>
 <cell></cell>
 <cell></cell>
 <cell></cell>
 <cell></cell>
 <cell></cell>
</row>
<row>
 <cell>Aclk</cell>
 <cell></cell>
 <cell></cell>
 <cell></cell>
 <cell></cell>
 <cell>N/C</cell>
 <cell>N/C</cell>
 <cell></cell>
 <cell></cell>
</row>
<row>
 <cell>Aclk</cell>
 <cell>Clock source</cell>
 <cell></cell>
 <cell></cell>
 <cell>+</cell>
 <cell>0.000</cell>
 <cell>N/C</cell>
 <cell></cell>
 <cell>r</cell>
</row>
<row>
 <cell>Aclk_ibuf/U0/U_IOPAD:PAD</cell>
 <cell>net</cell>
 <cell>Aclk</cell>
 <cell></cell>
 <cell>+</cell>
 <cell>0.000</cell>
 <cell>N/C</cell>
 <cell></cell>
 <cell>r</cell>
</row>
<row>
 <cell>Aclk_ibuf/U0/U_IOPAD:Y</cell>
 <cell>cell</cell>
 <cell></cell>
 <cell>ADLIB:IOPAD_IN</cell>
 <cell>+</cell>
 <cell>0.832</cell>
 <cell>N/C</cell>
 <cell>2</cell>
 <cell>r</cell>
</row>
<row>
 <cell>Aclk_ibuf_RNI08V3:An</cell>
 <cell>net</cell>
 <cell>Aclk_ibuf_Z</cell>
 <cell></cell>
 <cell>+</cell>
 <cell>0.271</cell>
 <cell>N/C</cell>
 <cell></cell>
 <cell>f</cell>
</row>
<row>
 <cell>Aclk_ibuf_RNI08V3:YNn</cell>
 <cell>cell</cell>
 <cell></cell>
 <cell>ADLIB:GB</cell>
 <cell>+</cell>
 <cell>0.097</cell>
 <cell>N/C</cell>
 <cell>1</cell>
 <cell>f</cell>
</row>
<row>
 <cell>Aclk_ibuf_RNI08V3/U0_RGB1:An</cell>
 <cell>net</cell>
 <cell>Aclk_ibuf_RNI08V3/U0_YNn</cell>
 <cell></cell>
 <cell>+</cell>
 <cell>0.344</cell>
 <cell>N/C</cell>
 <cell></cell>
 <cell>f</cell>
</row>
<row>
 <cell>Aclk_ibuf_RNI08V3/U0_RGB1:YL</cell>
 <cell>cell</cell>
 <cell></cell>
 <cell>ADLIB:RGB</cell>
 <cell>+</cell>
 <cell>0.286</cell>
 <cell>N/C</cell>
 <cell>10</cell>
 <cell>r</cell>
</row>
<row>
 <cell>syncSignal:CLK</cell>
 <cell>net</cell>
 <cell>Aclk_c</cell>
 <cell></cell>
 <cell>+</cell>
 <cell>0.585</cell>
 <cell>N/C</cell>
 <cell></cell>
 <cell>r</cell>
</row>
<row>
 <cell>syncSignal:D</cell>
 <cell>Library setup time</cell>
 <cell></cell>
 <cell>ADLIB:SLE</cell>
 <cell>-</cell>
 <cell>0.194</cell>
 <cell>N/C</cell>
 <cell></cell>
 <cell></cell>
</row>
<row>
</row>
<row>
 <cell>Operating Conditions</cell>
 <cell>WORST</cell>
</row>
</table>
</section>
<section>
<name>SET Clock to Output</name>
<text>No Path</text>
</section>
<section>
<name>SET Bclk to Aclk</name>
<text>No Path</text>
</section>
<section>
<name>SET Register to Asynchronous</name>
<text>No Path</text>
</section>
<section>
<name>SET External Recovery</name>
<table>
<header>
 <cell/>
 <cell>From</cell>
 <cell>To</cell>
 <cell>Delay (ns)</cell>
 <cell>Slack (ns)</cell>
 <cell>Arrival (ns)</cell>
 <cell>Required (ns)</cell>
 <cell>Recovery (ns)</cell>
 <cell>External Recovery (ns)</cell>
 <cell>Operating Conditions</cell>
</header>
<row>
 <cell>Path 1</cell>
 <cell>reset</cell>
 <cell>syncSignal:ALn</cell>
 <cell>3.305</cell>
 <cell></cell>
 <cell>3.305</cell>
 <cell></cell>
 <cell>0.417</cell>
 <cell>1.307</cell>
 <cell>WORST</cell>
</row>
<row>
 <cell>Path 2</cell>
 <cell>reset</cell>
 <cell>syncOut[2]:ALn</cell>
 <cell>3.305</cell>
 <cell></cell>
 <cell>3.305</cell>
 <cell></cell>
 <cell>0.417</cell>
 <cell>1.307</cell>
 <cell>WORST</cell>
</row>
<row>
 <cell>Path 3</cell>
 <cell>reset</cell>
 <cell>syncOut[1]:ALn</cell>
 <cell>3.305</cell>
 <cell></cell>
 <cell>3.305</cell>
 <cell></cell>
 <cell>0.417</cell>
 <cell>1.307</cell>
 <cell>WORST</cell>
</row>
<row>
 <cell>Path 4</cell>
 <cell>reset</cell>
 <cell>syncOut[0]:ALn</cell>
 <cell>3.305</cell>
 <cell></cell>
 <cell>3.305</cell>
 <cell></cell>
 <cell>0.417</cell>
 <cell>1.307</cell>
 <cell>WORST</cell>
</row>
<row>
 <cell>Path 5</cell>
 <cell>reset</cell>
 <cell>shiftRegister[1]:ALn</cell>
 <cell>3.305</cell>
 <cell></cell>
 <cell>3.305</cell>
 <cell></cell>
 <cell>0.417</cell>
 <cell>1.307</cell>
 <cell>WORST</cell>
</row>
</table>
<text></text>
<section><name>Expanded Path 1</name></section>
<table>
<header>
 <cell>Pin Name</cell>
 <cell>Type</cell>
 <cell>Net Name</cell>
 <cell>Cell Name</cell>
 <cell>Op</cell>
 <cell>Delay (ns)</cell>
 <cell>Total (ns)</cell>
 <cell>Fanout</cell>
 <cell>Edge</cell>
</header>
<row>
 <cell>From: reset</cell>
 <cell></cell>
 <cell></cell>
 <cell></cell>
 <cell></cell>
 <cell></cell>
 <cell></cell>
 <cell></cell>
 <cell></cell>
</row>
<row>
 <cell>To: syncSignal:ALn</cell>
 <cell></cell>
 <cell></cell>
 <cell></cell>
 <cell></cell>
 <cell></cell>
 <cell></cell>
 <cell></cell>
 <cell></cell>
</row>
<row>
 <cell>data required time</cell>
 <cell></cell>
 <cell></cell>
 <cell></cell>
 <cell></cell>
 <cell></cell>
 <cell>N/C</cell>
 <cell></cell>
 <cell></cell>
</row>
<row>
 <cell>data arrival time</cell>
 <cell></cell>
 <cell></cell>
 <cell></cell>
 <cell>-</cell>
 <cell></cell>
 <cell>3.305</cell>
 <cell></cell>
 <cell></cell>
</row>
<row>
 <cell>slack</cell>
 <cell></cell>
 <cell></cell>
 <cell></cell>
 <cell></cell>
 <cell></cell>
 <cell>N/C</cell>
 <cell></cell>
 <cell></cell>
</row>
<row>
</row>
<row>
 <cell>Data arrival time calculation</cell>
 <cell></cell>
 <cell></cell>
 <cell></cell>
 <cell></cell>
 <cell></cell>
 <cell></cell>
 <cell></cell>
 <cell></cell>
</row>
<row>
 <cell>reset</cell>
 <cell></cell>
 <cell></cell>
 <cell></cell>
 <cell></cell>
 <cell>0.000</cell>
 <cell>0.000</cell>
 <cell></cell>
 <cell>f</cell>
</row>
<row>
 <cell>reset_ibuf/U0/U_IOPAD:PAD</cell>
 <cell>net</cell>
 <cell>reset</cell>
 <cell></cell>
 <cell>+</cell>
 <cell>0.000</cell>
 <cell>0.000</cell>
 <cell></cell>
 <cell>f</cell>
</row>
<row>
 <cell>reset_ibuf/U0/U_IOPAD:Y</cell>
 <cell>cell</cell>
 <cell></cell>
 <cell>ADLIB:IOPAD_IN</cell>
 <cell>+</cell>
 <cell>1.647</cell>
 <cell>1.647</cell>
 <cell>2</cell>
 <cell>f</cell>
</row>
<row>
 <cell>reset_ibuf_RNI8255:An</cell>
 <cell>net</cell>
 <cell>reset_ibuf_Z</cell>
 <cell></cell>
 <cell>+</cell>
 <cell>0.366</cell>
 <cell>2.013</cell>
 <cell></cell>
 <cell>r</cell>
</row>
<row>
 <cell>reset_ibuf_RNI8255:YNn</cell>
 <cell>cell</cell>
 <cell></cell>
 <cell>ADLIB:GB</cell>
 <cell>+</cell>
 <cell>0.095</cell>
 <cell>2.108</cell>
 <cell>1</cell>
 <cell>r</cell>
</row>
<row>
 <cell>reset_ibuf_RNI8255/U0_RGB1:An</cell>
 <cell>net</cell>
 <cell>reset_ibuf_RNI8255/U0_YNn</cell>
 <cell></cell>
 <cell>+</cell>
 <cell>0.321</cell>
 <cell>2.429</cell>
 <cell></cell>
 <cell>r</cell>
</row>
<row>
 <cell>reset_ibuf_RNI8255/U0_RGB1:YL</cell>
 <cell>cell</cell>
 <cell></cell>
 <cell>ADLIB:RGB</cell>
 <cell>+</cell>
 <cell>0.215</cell>
 <cell>2.644</cell>
 <cell>14</cell>
 <cell>f</cell>
</row>
<row>
 <cell>syncSignal:ALn</cell>
 <cell>net</cell>
 <cell>reset_c</cell>
 <cell></cell>
 <cell>+</cell>
 <cell>0.661</cell>
 <cell>3.305</cell>
 <cell></cell>
 <cell>r</cell>
</row>
<row>
 <cell>data arrival time</cell>
 <cell></cell>
 <cell></cell>
 <cell></cell>
 <cell></cell>
 <cell></cell>
 <cell>3.305</cell>
 <cell></cell>
 <cell></cell>
</row>
<row>
</row>
<row>
 <cell>Data required time calculation</cell>
 <cell></cell>
 <cell></cell>
 <cell></cell>
 <cell></cell>
 <cell></cell>
 <cell></cell>
 <cell></cell>
 <cell></cell>
</row>
<row>
 <cell>Aclk</cell>
 <cell></cell>
 <cell></cell>
 <cell></cell>
 <cell></cell>
 <cell>N/C</cell>
 <cell>N/C</cell>
 <cell></cell>
 <cell></cell>
</row>
<row>
 <cell>Aclk</cell>
 <cell>Clock source</cell>
 <cell></cell>
 <cell></cell>
 <cell>+</cell>
 <cell>0.000</cell>
 <cell>N/C</cell>
 <cell></cell>
 <cell>r</cell>
</row>
<row>
 <cell>Aclk_ibuf/U0/U_IOPAD:PAD</cell>
 <cell>net</cell>
 <cell>Aclk</cell>
 <cell></cell>
 <cell>+</cell>
 <cell>0.000</cell>
 <cell>N/C</cell>
 <cell></cell>
 <cell>r</cell>
</row>
<row>
 <cell>Aclk_ibuf/U0/U_IOPAD:Y</cell>
 <cell>cell</cell>
 <cell></cell>
 <cell>ADLIB:IOPAD_IN</cell>
 <cell>+</cell>
 <cell>0.832</cell>
 <cell>N/C</cell>
 <cell>2</cell>
 <cell>r</cell>
</row>
<row>
 <cell>Aclk_ibuf_RNI08V3:An</cell>
 <cell>net</cell>
 <cell>Aclk_ibuf_Z</cell>
 <cell></cell>
 <cell>+</cell>
 <cell>0.271</cell>
 <cell>N/C</cell>
 <cell></cell>
 <cell>f</cell>
</row>
<row>
 <cell>Aclk_ibuf_RNI08V3:YNn</cell>
 <cell>cell</cell>
 <cell></cell>
 <cell>ADLIB:GB</cell>
 <cell>+</cell>
 <cell>0.097</cell>
 <cell>N/C</cell>
 <cell>1</cell>
 <cell>f</cell>
</row>
<row>
 <cell>Aclk_ibuf_RNI08V3/U0_RGB1:An</cell>
 <cell>net</cell>
 <cell>Aclk_ibuf_RNI08V3/U0_YNn</cell>
 <cell></cell>
 <cell>+</cell>
 <cell>0.344</cell>
 <cell>N/C</cell>
 <cell></cell>
 <cell>f</cell>
</row>
<row>
 <cell>Aclk_ibuf_RNI08V3/U0_RGB1:YL</cell>
 <cell>cell</cell>
 <cell></cell>
 <cell>ADLIB:RGB</cell>
 <cell>+</cell>
 <cell>0.286</cell>
 <cell>N/C</cell>
 <cell>10</cell>
 <cell>r</cell>
</row>
<row>
 <cell>syncSignal:CLK</cell>
 <cell>net</cell>
 <cell>Aclk_c</cell>
 <cell></cell>
 <cell>+</cell>
 <cell>0.585</cell>
 <cell>N/C</cell>
 <cell></cell>
 <cell>r</cell>
</row>
<row>
 <cell>syncSignal:ALn</cell>
 <cell>Library recovery time</cell>
 <cell></cell>
 <cell>ADLIB:SLE</cell>
 <cell>-</cell>
 <cell>0.417</cell>
 <cell>N/C</cell>
 <cell></cell>
 <cell></cell>
</row>
<row>
</row>
<row>
 <cell>Operating Conditions</cell>
 <cell>WORST</cell>
</row>
</table>
</section>
<section>
<name>SET Asynchronous to Register</name>
<text>No Path</text>
</section>
</section>
<section>
<name>Clock Domain Bclk</name>
<text></text>
<section>
<name>SET Register to Register</name>
<text>No Path</text>
</section>
<section>
<name>SET External Setup</name>
<text>No Path</text>
</section>
<section>
<name>SET Clock to Output</name>
<table>
<header>
 <cell/>
 <cell>From</cell>
 <cell>To</cell>
 <cell>Delay (ns)</cell>
 <cell>Slack (ns)</cell>
 <cell>Arrival (ns)</cell>
 <cell>Required (ns)</cell>
 <cell>Clock to Out (ns)</cell>
 <cell>Operating Conditions</cell>
</header>
<row>
 <cell>Path 1</cell>
 <cell>Dout_Z[1]:CLK</cell>
 <cell>Dout[1]</cell>
 <cell>5.171</cell>
 <cell></cell>
 <cell>8.031</cell>
 <cell></cell>
 <cell>8.031</cell>
 <cell>WORST</cell>
</row>
<row>
 <cell>Path 2</cell>
 <cell>Dout_Z[2]:CLK</cell>
 <cell>Dout[2]</cell>
 <cell>4.839</cell>
 <cell></cell>
 <cell>7.688</cell>
 <cell></cell>
 <cell>7.688</cell>
 <cell>WORST</cell>
</row>
<row>
 <cell>Path 3</cell>
 <cell>Dout_Z[3]:CLK</cell>
 <cell>Dout[3]</cell>
 <cell>4.806</cell>
 <cell></cell>
 <cell>7.665</cell>
 <cell></cell>
 <cell>7.665</cell>
 <cell>WORST</cell>
</row>
<row>
 <cell>Path 4</cell>
 <cell>Dout_Z[0]:CLK</cell>
 <cell>Dout[0]</cell>
 <cell>4.763</cell>
 <cell></cell>
 <cell>7.622</cell>
 <cell></cell>
 <cell>7.622</cell>
 <cell>WORST</cell>
</row>
</table>
<text></text>
<section><name>Expanded Path 1</name></section>
<table>
<header>
 <cell>Pin Name</cell>
 <cell>Type</cell>
 <cell>Net Name</cell>
 <cell>Cell Name</cell>
 <cell>Op</cell>
 <cell>Delay (ns)</cell>
 <cell>Total (ns)</cell>
 <cell>Fanout</cell>
 <cell>Edge</cell>
</header>
<row>
 <cell>From: Dout_Z[1]:CLK</cell>
 <cell></cell>
 <cell></cell>
 <cell></cell>
 <cell></cell>
 <cell></cell>
 <cell></cell>
 <cell></cell>
 <cell></cell>
</row>
<row>
 <cell>To: Dout[1]</cell>
 <cell></cell>
 <cell></cell>
 <cell></cell>
 <cell></cell>
 <cell></cell>
 <cell></cell>
 <cell></cell>
 <cell></cell>
</row>
<row>
 <cell>data required time</cell>
 <cell></cell>
 <cell></cell>
 <cell></cell>
 <cell></cell>
 <cell></cell>
 <cell>N/C</cell>
 <cell></cell>
 <cell></cell>
</row>
<row>
 <cell>data arrival time</cell>
 <cell></cell>
 <cell></cell>
 <cell></cell>
 <cell>-</cell>
 <cell></cell>
 <cell>8.031</cell>
 <cell></cell>
 <cell></cell>
</row>
<row>
 <cell>slack</cell>
 <cell></cell>
 <cell></cell>
 <cell></cell>
 <cell></cell>
 <cell></cell>
 <cell>N/C</cell>
 <cell></cell>
 <cell></cell>
</row>
<row>
</row>
<row>
 <cell>Data arrival time calculation</cell>
 <cell></cell>
 <cell></cell>
 <cell></cell>
 <cell></cell>
 <cell></cell>
 <cell></cell>
 <cell></cell>
 <cell></cell>
</row>
<row>
 <cell>Bclk</cell>
 <cell></cell>
 <cell></cell>
 <cell></cell>
 <cell></cell>
 <cell>0.000</cell>
 <cell>0.000</cell>
 <cell></cell>
 <cell></cell>
</row>
<row>
 <cell>Bclk</cell>
 <cell>Clock source</cell>
 <cell></cell>
 <cell></cell>
 <cell>+</cell>
 <cell>0.000</cell>
 <cell>0.000</cell>
 <cell></cell>
 <cell>r</cell>
</row>
<row>
 <cell>Bclk_ibuf/U0/U_IOPAD:PAD</cell>
 <cell>net</cell>
 <cell>Bclk</cell>
 <cell></cell>
 <cell>+</cell>
 <cell>0.000</cell>
 <cell>0.000</cell>
 <cell></cell>
 <cell>r</cell>
</row>
<row>
 <cell>Bclk_ibuf/U0/U_IOPAD:Y</cell>
 <cell>cell</cell>
 <cell></cell>
 <cell>ADLIB:IOPAD_IN</cell>
 <cell>+</cell>
 <cell>1.497</cell>
 <cell>1.497</cell>
 <cell>2</cell>
 <cell>r</cell>
</row>
<row>
 <cell>Bclk_ibuf_RNI1GRC:An</cell>
 <cell>net</cell>
 <cell>Bclk_ibuf/U0/YIN1</cell>
 <cell></cell>
 <cell>+</cell>
 <cell>0.063</cell>
 <cell>1.560</cell>
 <cell></cell>
 <cell>f</cell>
</row>
<row>
 <cell>Bclk_ibuf_RNI1GRC:YNn</cell>
 <cell>cell</cell>
 <cell></cell>
 <cell>ADLIB:GB</cell>
 <cell>+</cell>
 <cell>0.100</cell>
 <cell>1.660</cell>
 <cell>1</cell>
 <cell>f</cell>
</row>
<row>
 <cell>Bclk_ibuf_RNI1GRC/U0_RGB1:An</cell>
 <cell>net</cell>
 <cell>Bclk_ibuf_RNI1GRC/U0_YNn</cell>
 <cell></cell>
 <cell>+</cell>
 <cell>0.326</cell>
 <cell>1.986</cell>
 <cell></cell>
 <cell>f</cell>
</row>
<row>
 <cell>Bclk_ibuf_RNI1GRC/U0_RGB1:YL</cell>
 <cell>cell</cell>
 <cell></cell>
 <cell>ADLIB:RGB</cell>
 <cell>+</cell>
 <cell>0.295</cell>
 <cell>2.281</cell>
 <cell>4</cell>
 <cell>r</cell>
</row>
<row>
 <cell>Dout_Z[1]:CLK</cell>
 <cell>net</cell>
 <cell>Bclk_c</cell>
 <cell></cell>
 <cell>+</cell>
 <cell>0.579</cell>
 <cell>2.860</cell>
 <cell></cell>
 <cell>r</cell>
</row>
<row>
 <cell>Dout_Z[1]:Q</cell>
 <cell>cell</cell>
 <cell></cell>
 <cell>ADLIB:SLE</cell>
 <cell>+</cell>
 <cell>0.129</cell>
 <cell>2.989</cell>
 <cell>1</cell>
 <cell>f</cell>
</row>
<row>
 <cell>Dout_obuf[1]/U0/U_IOOUTFF:A</cell>
 <cell>net</cell>
 <cell>Dout_c[1]</cell>
 <cell></cell>
 <cell>+</cell>
 <cell>1.314</cell>
 <cell>4.303</cell>
 <cell></cell>
 <cell>f</cell>
</row>
<row>
 <cell>Dout_obuf[1]/U0/U_IOOUTFF:Y</cell>
 <cell>cell</cell>
 <cell></cell>
 <cell>ADLIB:IOOUTFF_BYPASS</cell>
 <cell>+</cell>
 <cell>0.388</cell>
 <cell>4.691</cell>
 <cell>1</cell>
 <cell>f</cell>
</row>
<row>
 <cell>Dout_obuf[1]/U0/U_IOPAD:D</cell>
 <cell>net</cell>
 <cell>Dout_obuf[1]/U0/DOUT</cell>
 <cell></cell>
 <cell>+</cell>
 <cell>0.162</cell>
 <cell>4.853</cell>
 <cell></cell>
 <cell>f</cell>
</row>
<row>
 <cell>Dout_obuf[1]/U0/U_IOPAD:PAD</cell>
 <cell>cell</cell>
 <cell></cell>
 <cell>ADLIB:IOPAD_TRI</cell>
 <cell>+</cell>
 <cell>3.178</cell>
 <cell>8.031</cell>
 <cell>0</cell>
 <cell>f</cell>
</row>
<row>
 <cell>Dout[1]</cell>
 <cell>net</cell>
 <cell>Dout[1]</cell>
 <cell></cell>
 <cell>+</cell>
 <cell>0.000</cell>
 <cell>8.031</cell>
 <cell></cell>
 <cell>f</cell>
</row>
<row>
 <cell>data arrival time</cell>
 <cell></cell>
 <cell></cell>
 <cell></cell>
 <cell></cell>
 <cell></cell>
 <cell>8.031</cell>
 <cell></cell>
 <cell></cell>
</row>
<row>
</row>
<row>
 <cell>Data required time calculation</cell>
 <cell></cell>
 <cell></cell>
 <cell></cell>
 <cell></cell>
 <cell></cell>
 <cell></cell>
 <cell></cell>
 <cell></cell>
</row>
<row>
 <cell>Bclk</cell>
 <cell></cell>
 <cell></cell>
 <cell></cell>
 <cell></cell>
 <cell>N/C</cell>
 <cell>N/C</cell>
 <cell></cell>
 <cell></cell>
</row>
<row>
 <cell>Bclk</cell>
 <cell>Clock source</cell>
 <cell></cell>
 <cell></cell>
 <cell>+</cell>
 <cell>0.000</cell>
 <cell>N/C</cell>
 <cell></cell>
 <cell>r</cell>
</row>
<row>
 <cell>Dout[1]</cell>
 <cell></cell>
 <cell></cell>
 <cell></cell>
 <cell></cell>
 <cell></cell>
 <cell>N/C</cell>
 <cell></cell>
 <cell>f</cell>
</row>
<row>
</row>
<row>
 <cell>Operating Conditions</cell>
 <cell>WORST</cell>
</row>
</table>
</section>
<section>
<name>SET Aclk to Bclk</name>
<text>No Path</text>
</section>
<section>
<name>SET Register to Asynchronous</name>
<text>No Path</text>
</section>
<section>
<name>SET External Recovery</name>
<table>
<header>
 <cell/>
 <cell>From</cell>
 <cell>To</cell>
 <cell>Delay (ns)</cell>
 <cell>Slack (ns)</cell>
 <cell>Arrival (ns)</cell>
 <cell>Required (ns)</cell>
 <cell>Recovery (ns)</cell>
 <cell>External Recovery (ns)</cell>
 <cell>Operating Conditions</cell>
</header>
<row>
 <cell>Path 1</cell>
 <cell>reset</cell>
 <cell>Dout_Z[2]:ALn</cell>
 <cell>3.274</cell>
 <cell></cell>
 <cell>3.274</cell>
 <cell></cell>
 <cell>0.417</cell>
 <cell>0.928</cell>
 <cell>WORST</cell>
</row>
<row>
 <cell>Path 2</cell>
 <cell>reset</cell>
 <cell>Dout_Z[3]:ALn</cell>
 <cell>3.274</cell>
 <cell></cell>
 <cell>3.274</cell>
 <cell></cell>
 <cell>0.417</cell>
 <cell>0.918</cell>
 <cell>WORST</cell>
</row>
<row>
 <cell>Path 3</cell>
 <cell>reset</cell>
 <cell>Dout_Z[0]:ALn</cell>
 <cell>3.274</cell>
 <cell></cell>
 <cell>3.274</cell>
 <cell></cell>
 <cell>0.417</cell>
 <cell>0.918</cell>
 <cell>WORST</cell>
</row>
<row>
 <cell>Path 4</cell>
 <cell>reset</cell>
 <cell>Dout_Z[1]:ALn</cell>
 <cell>3.274</cell>
 <cell></cell>
 <cell>3.274</cell>
 <cell></cell>
 <cell>0.417</cell>
 <cell>0.917</cell>
 <cell>WORST</cell>
</row>
</table>
<text></text>
<section><name>Expanded Path 1</name></section>
<table>
<header>
 <cell>Pin Name</cell>
 <cell>Type</cell>
 <cell>Net Name</cell>
 <cell>Cell Name</cell>
 <cell>Op</cell>
 <cell>Delay (ns)</cell>
 <cell>Total (ns)</cell>
 <cell>Fanout</cell>
 <cell>Edge</cell>
</header>
<row>
 <cell>From: reset</cell>
 <cell></cell>
 <cell></cell>
 <cell></cell>
 <cell></cell>
 <cell></cell>
 <cell></cell>
 <cell></cell>
 <cell></cell>
</row>
<row>
 <cell>To: Dout_Z[2]:ALn</cell>
 <cell></cell>
 <cell></cell>
 <cell></cell>
 <cell></cell>
 <cell></cell>
 <cell></cell>
 <cell></cell>
 <cell></cell>
</row>
<row>
 <cell>data required time</cell>
 <cell></cell>
 <cell></cell>
 <cell></cell>
 <cell></cell>
 <cell></cell>
 <cell>N/C</cell>
 <cell></cell>
 <cell></cell>
</row>
<row>
 <cell>data arrival time</cell>
 <cell></cell>
 <cell></cell>
 <cell></cell>
 <cell>-</cell>
 <cell></cell>
 <cell>3.274</cell>
 <cell></cell>
 <cell></cell>
</row>
<row>
 <cell>slack</cell>
 <cell></cell>
 <cell></cell>
 <cell></cell>
 <cell></cell>
 <cell></cell>
 <cell>N/C</cell>
 <cell></cell>
 <cell></cell>
</row>
<row>
</row>
<row>
 <cell>Data arrival time calculation</cell>
 <cell></cell>
 <cell></cell>
 <cell></cell>
 <cell></cell>
 <cell></cell>
 <cell></cell>
 <cell></cell>
 <cell></cell>
</row>
<row>
 <cell>reset</cell>
 <cell></cell>
 <cell></cell>
 <cell></cell>
 <cell></cell>
 <cell>0.000</cell>
 <cell>0.000</cell>
 <cell></cell>
 <cell>f</cell>
</row>
<row>
 <cell>reset_ibuf/U0/U_IOPAD:PAD</cell>
 <cell>net</cell>
 <cell>reset</cell>
 <cell></cell>
 <cell>+</cell>
 <cell>0.000</cell>
 <cell>0.000</cell>
 <cell></cell>
 <cell>f</cell>
</row>
<row>
 <cell>reset_ibuf/U0/U_IOPAD:Y</cell>
 <cell>cell</cell>
 <cell></cell>
 <cell>ADLIB:IOPAD_IN</cell>
 <cell>+</cell>
 <cell>1.647</cell>
 <cell>1.647</cell>
 <cell>2</cell>
 <cell>f</cell>
</row>
<row>
 <cell>reset_ibuf_RNI8255:An</cell>
 <cell>net</cell>
 <cell>reset_ibuf_Z</cell>
 <cell></cell>
 <cell>+</cell>
 <cell>0.366</cell>
 <cell>2.013</cell>
 <cell></cell>
 <cell>r</cell>
</row>
<row>
 <cell>reset_ibuf_RNI8255:YNn</cell>
 <cell>cell</cell>
 <cell></cell>
 <cell>ADLIB:GB</cell>
 <cell>+</cell>
 <cell>0.095</cell>
 <cell>2.108</cell>
 <cell>1</cell>
 <cell>r</cell>
</row>
<row>
 <cell>reset_ibuf_RNI8255/U0_RGB1:An</cell>
 <cell>net</cell>
 <cell>reset_ibuf_RNI8255/U0_YNn</cell>
 <cell></cell>
 <cell>+</cell>
 <cell>0.321</cell>
 <cell>2.429</cell>
 <cell></cell>
 <cell>r</cell>
</row>
<row>
 <cell>reset_ibuf_RNI8255/U0_RGB1:YL</cell>
 <cell>cell</cell>
 <cell></cell>
 <cell>ADLIB:RGB</cell>
 <cell>+</cell>
 <cell>0.215</cell>
 <cell>2.644</cell>
 <cell>14</cell>
 <cell>f</cell>
</row>
<row>
 <cell>Dout_Z[2]:ALn</cell>
 <cell>net</cell>
 <cell>reset_c</cell>
 <cell></cell>
 <cell>+</cell>
 <cell>0.630</cell>
 <cell>3.274</cell>
 <cell></cell>
 <cell>r</cell>
</row>
<row>
 <cell>data arrival time</cell>
 <cell></cell>
 <cell></cell>
 <cell></cell>
 <cell></cell>
 <cell></cell>
 <cell>3.274</cell>
 <cell></cell>
 <cell></cell>
</row>
<row>
</row>
<row>
 <cell>Data required time calculation</cell>
 <cell></cell>
 <cell></cell>
 <cell></cell>
 <cell></cell>
 <cell></cell>
 <cell></cell>
 <cell></cell>
 <cell></cell>
</row>
<row>
 <cell>Bclk</cell>
 <cell></cell>
 <cell></cell>
 <cell></cell>
 <cell></cell>
 <cell>N/C</cell>
 <cell>N/C</cell>
 <cell></cell>
 <cell></cell>
</row>
<row>
 <cell>Bclk</cell>
 <cell>Clock source</cell>
 <cell></cell>
 <cell></cell>
 <cell>+</cell>
 <cell>0.000</cell>
 <cell>N/C</cell>
 <cell></cell>
 <cell>r</cell>
</row>
<row>
 <cell>Bclk_ibuf/U0/U_IOPAD:PAD</cell>
 <cell>net</cell>
 <cell>Bclk</cell>
 <cell></cell>
 <cell>+</cell>
 <cell>0.000</cell>
 <cell>N/C</cell>
 <cell></cell>
 <cell>r</cell>
</row>
<row>
 <cell>Bclk_ibuf/U0/U_IOPAD:Y</cell>
 <cell>cell</cell>
 <cell></cell>
 <cell>ADLIB:IOPAD_IN</cell>
 <cell>+</cell>
 <cell>1.452</cell>
 <cell>N/C</cell>
 <cell>2</cell>
 <cell>r</cell>
</row>
<row>
 <cell>Bclk_ibuf_RNI1GRC:An</cell>
 <cell>net</cell>
 <cell>Bclk_ibuf/U0/YIN1</cell>
 <cell></cell>
 <cell>+</cell>
 <cell>0.061</cell>
 <cell>N/C</cell>
 <cell></cell>
 <cell>f</cell>
</row>
<row>
 <cell>Bclk_ibuf_RNI1GRC:YNn</cell>
 <cell>cell</cell>
 <cell></cell>
 <cell>ADLIB:GB</cell>
 <cell>+</cell>
 <cell>0.097</cell>
 <cell>N/C</cell>
 <cell>1</cell>
 <cell>f</cell>
</row>
<row>
 <cell>Bclk_ibuf_RNI1GRC/U0_RGB1:An</cell>
 <cell>net</cell>
 <cell>Bclk_ibuf_RNI1GRC/U0_YNn</cell>
 <cell></cell>
 <cell>+</cell>
 <cell>0.316</cell>
 <cell>N/C</cell>
 <cell></cell>
 <cell>f</cell>
</row>
<row>
 <cell>Bclk_ibuf_RNI1GRC/U0_RGB1:YL</cell>
 <cell>cell</cell>
 <cell></cell>
 <cell>ADLIB:RGB</cell>
 <cell>+</cell>
 <cell>0.286</cell>
 <cell>N/C</cell>
 <cell>4</cell>
 <cell>r</cell>
</row>
<row>
 <cell>Dout_Z[2]:CLK</cell>
 <cell>net</cell>
 <cell>Bclk_c</cell>
 <cell></cell>
 <cell>+</cell>
 <cell>0.551</cell>
 <cell>N/C</cell>
 <cell></cell>
 <cell>r</cell>
</row>
<row>
 <cell>Dout_Z[2]:ALn</cell>
 <cell>Library recovery time</cell>
 <cell></cell>
 <cell>ADLIB:SLE</cell>
 <cell>-</cell>
 <cell>0.417</cell>
 <cell>N/C</cell>
 <cell></cell>
 <cell></cell>
</row>
<row>
</row>
<row>
 <cell>Operating Conditions</cell>
 <cell>WORST</cell>
</row>
</table>
</section>
<section>
<name>SET Asynchronous to Register</name>
<text>No Path</text>
</section>
</section>
<section>
<name>Path Set Pin to Pin</name>
<section>
<name>SET Input to Output</name>
<text>No Path</text>
</section>
</section>
<section>
<name>Path Set User Sets</name>
</section>
</doc>
