{
	"partitions" : [
		{
			"name" : "Top",
			"pins" : [
				{
					"name" : "PBREQ",
					"strict" : false
				},
				{
					"name" : "CMREQ",
					"strict" : false
				},
				{
					"name" : "CE",
					"strict" : false
				},
				{
					"name" : "CNTLD",
					"strict" : false
				},
				{
					"name" : "reset",
					"strict" : false
				},
				{
					"name" : "PBGNT",
					"strict" : false
				},
				{
					"name" : "A",
					"strict" : false
				},
				{
					"name" : "B",
					"strict" : false
				},
				{
					"name" : "C",
					"strict" : false
				},
				{
					"name" : "D",
					"strict" : false
				},
				{
					"name" : "clock",
					"strict" : false
				},
				{
					"name" : "MACK",
					"strict" : false
				},
				{
					"name" : "CONT",
					"strict" : false
				}
			]
		}
	]
}