<?xml version="1.0" encoding="UTF-8" standalone="no" ?>
<?xml-stylesheet href="rptstyle.xsl" type="text/xsl" ?>
<doc>
<title>Global Net Report</title>
<text>Microsemi Corporation - Microsemi Libero Software Release v12.6 (Version 12.900.20.24)</text>
<text>Date: Tue Nov 28 20:02:36 2023
</text>
<section>
<name>Global Nets Information</name>
<table>
<header>
 <cell/>
 <cell> From </cell>
 <cell> GB Location </cell>
 <cell> Net Name </cell>
 <cell> Fanout </cell>
</header>
<row>
 <cell>1</cell>
 <cell>GB[3] </cell>
 <cell>(221, 54)</cell>
 <cell>reset_ibuf_RNI8255/U0_YNn</cell>
 <cell>14</cell>
</row>
<row>
 <cell>2</cell>
 <cell>GB[1] </cell>
 <cell>(219, 54)</cell>
 <cell>Bclk_ibuf_RNI1GRC/U0_YNn</cell>
 <cell>9</cell>
</row>
<row>
 <cell>3</cell>
 <cell>GB[0] </cell>
 <cell>(218, 54)</cell>
 <cell>Aclk_ibuf_RNI08V3/U0_YNn</cell>
 <cell>5</cell>
</row>
</table>
<text></text>
</section>
<section>
<name>I/O to GB Connections</name>
<table>
<header>
 <cell/>
 <cell> Port Name </cell>
 <cell> Pin Number </cell>
 <cell> I/O Function </cell>
 <cell> From </cell>
 <cell> From Location </cell>
 <cell> To </cell>
 <cell> Net Name </cell>
 <cell> Net Type </cell>
 <cell> Fanout </cell>
</header>
<row>
 <cell>1</cell>
 <cell>reset</cell>
 <cell>49</cell>
 <cell>MSIO104PB4/GB3</cell>
 <cell>reset_ibuf/U0/U_IOPAD:Y</cell>
 <cell>(258, 1)</cell>
 <cell>GB[3] </cell>
 <cell>reset_ibuf_Z</cell>
 <cell>HARDWIRED</cell>
 <cell>2</cell>
</row>
<row>
 <cell>2</cell>
 <cell>Bclk</cell>
 <cell>20</cell>
 <cell>MSIO79PB7/GB1</cell>
 <cell>Bclk_ibuf/U0/U_IOPAD:Y</cell>
 <cell>(0, 64)</cell>
 <cell>GB[1] </cell>
 <cell>Bclk_ibuf_Z</cell>
 <cell>HARDWIRED</cell>
 <cell>2</cell>
</row>
<row>
 <cell>3</cell>
 <cell>Aclk</cell>
 <cell>143</cell>
 <cell>DDRIO59PB0/GB0</cell>
 <cell>Aclk_ibuf/U0/U_IOPAD:Y</cell>
 <cell>(48, 103)</cell>
 <cell>GB[0] </cell>
 <cell>Aclk_ibuf/U0/YIN1</cell>
 <cell>HARDWIRED</cell>
 <cell>2</cell>
</row>
</table>
<text></text>
</section>
<section>
<name>Fabric to GB Connections</name>
<text>(none)</text>
</section>
<section>
<name>CCC to GB Connections</name>
<text>(none)</text>
</section>
<section>
<name>CCC Input Connections</name>
<text>(none)</text>
</section>
<section>
<name>Local Nets to RGB Connections</name>
<text>(none)</text>
</section>
<section>
<name>Global Nets to RGB Connections</name>
<table>
<header>
 <cell/>
 <cell> From </cell>
 <cell> From Location </cell>
 <cell> Net Name </cell>
 <cell> Fanout </cell>
 <cell> </cell>
 <cell> RGB Location </cell>
 <cell> Local Fanout </cell>
</header>
<row>
 <cell>1</cell>
 <cell>GB[3] </cell>
 <cell>(221, 54)</cell>
 <cell>reset_ibuf_RNI8255/U0_YNn</cell>
 <cell>14</cell>
 <cell> </cell>
 <cell>(219, 99)</cell>
 <cell>14</cell>
</row>
<row>
 <cell>2</cell>
 <cell>GB[1] </cell>
 <cell>(219, 54)</cell>
 <cell>Bclk_ibuf_RNI1GRC/U0_YNn</cell>
 <cell>9</cell>
 <cell> </cell>
 <cell>(220, 99)</cell>
 <cell>9</cell>
</row>
<row>
 <cell>3</cell>
 <cell>GB[0] </cell>
 <cell>(218, 54)</cell>
 <cell>Aclk_ibuf_RNI08V3/U0_YNn</cell>
 <cell>5</cell>
 <cell> </cell>
 <cell>(218, 99)</cell>
 <cell>5</cell>
</row>
</table>
<text></text>
</section>
</doc>
