<?xml version="1.0" encoding="UTF-8" standalone="no" ?>
<?xml-stylesheet href="rptstyle.xsl" type="text/xsl" ?>
<doc>
<title>Timing Report Min Delay Analysis
</title>
<text>SmartTime Version 12.900.20.24</text>
<text>Microsemi Corporation - Microsemi Libero Software Release v12.6 (Version 12.900.20.24)</text>
<text>Date: Sat Nov 18 17:21:18 2023
</text>
<table>
<header>
</header>
<row>
 <cell>Design</cell>
 <cell>HW4_Q3A</cell>
</row>
<row>
 <cell>Family</cell>
 <cell>SmartFusion2</cell>
</row>
<row>
 <cell>Die</cell>
 <cell>M2S010</cell>
</row>
<row>
 <cell>Package</cell>
 <cell>144 TQ</cell>
</row>
<row>
 <cell>Temperature Range</cell>
 <cell>0 - 85 C</cell>
</row>
<row>
 <cell>Voltage Range</cell>
 <cell>1.14 - 1.26 V</cell>
</row>
<row>
 <cell>Speed Grade</cell>
 <cell>STD</cell>
</row>
<row>
 <cell>Design State</cell>
 <cell>Post-Layout</cell>
</row>
<row>
 <cell>Data source</cell>
 <cell>Production</cell>
</row>
<row>
 <cell>Min Operating Conditions</cell>
 <cell>WORST - 1.14 V - 85 C</cell>
</row>
<row>
 <cell>Max Operating Conditions</cell>
 <cell>BEST - 1.26 V - 0 C</cell>
</row>
<row>
 <cell>Scenario for Timing Analysis</cell>
 <cell>timing_analysis</cell>
</row>
</table>
<text></text>
<section>
<name>Summary</name>
<table>
<header>
 <cell>Clock Domain</cell>
 <cell>Required Period (ns)</cell>
 <cell>Required Frequency (MHz)</cell>
 <cell>External Hold (ns)</cell>
 <cell>Min Clock-To-Out (ns)</cell>
</header>
<row>
 <cell>clk</cell>
 <cell>20.000</cell>
 <cell>50.000</cell>
 <cell>N/A</cell>
 <cell>7.331</cell>
</row>
</table>
<text></text>
<table>
<header>
 <cell></cell>
 <cell>Min Delay (ns)</cell>
</header>
<row>
 <cell>Input to Output</cell>
 <cell>N/A</cell>
</row>
</table>
</section>
<section>
<name>Clock Domain clk</name>
<text>Info: The maximum frequency of this clock domain is limited by the minimum pulse widths of pin clk_ibuf/U0/U_IOPAD:PAD</text>
<text></text>
<section>
<name>SET Register to Register</name>
<table>
<header>
 <cell/>
 <cell>From</cell>
 <cell>To</cell>
 <cell>Delay (ns)</cell>
 <cell>Slack (ns)</cell>
 <cell>Arrival (ns)</cell>
 <cell>Required (ns)</cell>
 <cell>Hold (ns)</cell>
</header>
<row>
 <cell>Path 1</cell>
 <cell>Q[0]:CLK</cell>
 <cell>Q[0]:D</cell>
 <cell>0.678</cell>
 <cell>0.678</cell>
 <cell>3.429</cell>
 <cell>2.751</cell>
 <cell>0.000</cell>
</row>
<row>
 <cell>Path 2</cell>
 <cell>Q[9]:CLK</cell>
 <cell>Q[9]:D</cell>
 <cell>0.783</cell>
 <cell>0.783</cell>
 <cell>3.581</cell>
 <cell>2.798</cell>
 <cell>0.000</cell>
</row>
<row>
 <cell>Path 3</cell>
 <cell>Q[12]:CLK</cell>
 <cell>Q[12]:D</cell>
 <cell>0.790</cell>
 <cell>0.790</cell>
 <cell>3.581</cell>
 <cell>2.791</cell>
 <cell>0.000</cell>
</row>
<row>
 <cell>Path 4</cell>
 <cell>Q[13]:CLK</cell>
 <cell>Q[13]:D</cell>
 <cell>0.868</cell>
 <cell>0.868</cell>
 <cell>3.672</cell>
 <cell>2.804</cell>
 <cell>0.000</cell>
</row>
<row>
 <cell>Path 5</cell>
 <cell>Q[1]:CLK</cell>
 <cell>Q[1]:D</cell>
 <cell>0.868</cell>
 <cell>0.868</cell>
 <cell>3.666</cell>
 <cell>2.798</cell>
 <cell>0.000</cell>
</row>
</table>
<text></text>
<section><name>Expanded Path 1</name></section>
<table>
<header>
 <cell>Pin Name</cell>
 <cell>Type</cell>
 <cell>Net Name</cell>
 <cell>Cell Name</cell>
 <cell>Op</cell>
 <cell>Delay (ns)</cell>
 <cell>Total (ns)</cell>
 <cell>Fanout</cell>
 <cell>Edge</cell>
</header>
<row>
 <cell>From: Q[0]:CLK</cell>
 <cell></cell>
 <cell></cell>
 <cell></cell>
 <cell></cell>
 <cell></cell>
 <cell></cell>
 <cell></cell>
 <cell></cell>
</row>
<row>
 <cell>To: Q[0]:D</cell>
 <cell></cell>
 <cell></cell>
 <cell></cell>
 <cell></cell>
 <cell></cell>
 <cell></cell>
 <cell></cell>
 <cell></cell>
</row>
<row>
 <cell>data arrival time</cell>
 <cell></cell>
 <cell></cell>
 <cell></cell>
 <cell></cell>
 <cell></cell>
 <cell>3.429</cell>
 <cell></cell>
 <cell></cell>
</row>
<row>
 <cell>data required time</cell>
 <cell></cell>
 <cell></cell>
 <cell></cell>
 <cell>-</cell>
 <cell></cell>
 <cell>2.751</cell>
 <cell></cell>
 <cell></cell>
</row>
<row>
 <cell>slack</cell>
 <cell></cell>
 <cell></cell>
 <cell></cell>
 <cell></cell>
 <cell></cell>
 <cell>0.678</cell>
 <cell></cell>
 <cell></cell>
</row>
<row>
</row>
<row>
 <cell>Data arrival time calculation</cell>
 <cell></cell>
 <cell></cell>
 <cell></cell>
 <cell></cell>
 <cell></cell>
 <cell></cell>
 <cell></cell>
 <cell></cell>
</row>
<row>
 <cell>clk</cell>
 <cell></cell>
 <cell></cell>
 <cell></cell>
 <cell></cell>
 <cell>0.000</cell>
 <cell>0.000</cell>
 <cell></cell>
 <cell></cell>
</row>
<row>
 <cell>clk</cell>
 <cell>Clock source</cell>
 <cell></cell>
 <cell></cell>
 <cell>+</cell>
 <cell>0.000</cell>
 <cell>0.000</cell>
 <cell></cell>
 <cell>r</cell>
</row>
<row>
 <cell>clk_ibuf/U0/U_IOPAD:PAD</cell>
 <cell>net</cell>
 <cell>clk</cell>
 <cell></cell>
 <cell>+</cell>
 <cell>0.000</cell>
 <cell>0.000</cell>
 <cell></cell>
 <cell>r</cell>
</row>
<row>
 <cell>clk_ibuf/U0/U_IOPAD:Y</cell>
 <cell>cell</cell>
 <cell></cell>
 <cell>ADLIB:IOPAD_IN</cell>
 <cell>+</cell>
 <cell>1.452</cell>
 <cell>1.452</cell>
 <cell>2</cell>
 <cell>r</cell>
</row>
<row>
 <cell>clk_ibuf_RNIVTI2:An</cell>
 <cell>net</cell>
 <cell>clk_ibuf_Z</cell>
 <cell></cell>
 <cell>+</cell>
 <cell>0.061</cell>
 <cell>1.513</cell>
 <cell></cell>
 <cell>f</cell>
</row>
<row>
 <cell>clk_ibuf_RNIVTI2:YSn</cell>
 <cell>cell</cell>
 <cell></cell>
 <cell>ADLIB:GB</cell>
 <cell>+</cell>
 <cell>0.098</cell>
 <cell>1.611</cell>
 <cell>2</cell>
 <cell>f</cell>
</row>
<row>
 <cell>clk_ibuf_RNIVTI2/U0_RGB1:An</cell>
 <cell>net</cell>
 <cell>clk_ibuf_RNIVTI2/U0_YNn_GSouth</cell>
 <cell></cell>
 <cell>+</cell>
 <cell>0.330</cell>
 <cell>1.941</cell>
 <cell></cell>
 <cell>f</cell>
</row>
<row>
 <cell>clk_ibuf_RNIVTI2/U0_RGB1:YR</cell>
 <cell>cell</cell>
 <cell></cell>
 <cell>ADLIB:RGB</cell>
 <cell>+</cell>
 <cell>0.286</cell>
 <cell>2.227</cell>
 <cell>1</cell>
 <cell>r</cell>
</row>
<row>
 <cell>Q[0]:CLK</cell>
 <cell>net</cell>
 <cell>clk_ibuf_RNIVTI2/U0_RGB1_YR</cell>
 <cell></cell>
 <cell>+</cell>
 <cell>0.524</cell>
 <cell>2.751</cell>
 <cell></cell>
 <cell>r</cell>
</row>
<row>
 <cell>Q[0]:Q</cell>
 <cell>cell</cell>
 <cell></cell>
 <cell>ADLIB:SLE</cell>
 <cell>+</cell>
 <cell>0.099</cell>
 <cell>2.850</cell>
 <cell>3</cell>
 <cell>r</cell>
</row>
<row>
 <cell>Q_RNO[0]:A</cell>
 <cell>net</cell>
 <cell>q_c[0]</cell>
 <cell></cell>
 <cell>+</cell>
 <cell>0.381</cell>
 <cell>3.231</cell>
 <cell></cell>
 <cell>r</cell>
</row>
<row>
 <cell>Q_RNO[0]:Y</cell>
 <cell>cell</cell>
 <cell></cell>
 <cell>ADLIB:CFG1</cell>
 <cell>+</cell>
 <cell>0.114</cell>
 <cell>3.345</cell>
 <cell>1</cell>
 <cell>f</cell>
</row>
<row>
 <cell>Q[0]:D</cell>
 <cell>net</cell>
 <cell>Q_s[0]</cell>
 <cell></cell>
 <cell>+</cell>
 <cell>0.084</cell>
 <cell>3.429</cell>
 <cell></cell>
 <cell>f</cell>
</row>
<row>
 <cell>data arrival time</cell>
 <cell></cell>
 <cell></cell>
 <cell></cell>
 <cell></cell>
 <cell></cell>
 <cell>3.429</cell>
 <cell></cell>
 <cell></cell>
</row>
<row>
</row>
<row>
 <cell>Data required time calculation</cell>
 <cell></cell>
 <cell></cell>
 <cell></cell>
 <cell></cell>
 <cell></cell>
 <cell></cell>
 <cell></cell>
 <cell></cell>
</row>
<row>
 <cell>clk</cell>
 <cell>Clock Constraint</cell>
 <cell></cell>
 <cell></cell>
 <cell></cell>
 <cell>0.000</cell>
 <cell>0.000</cell>
 <cell></cell>
 <cell></cell>
</row>
<row>
 <cell>clk</cell>
 <cell>Clock source</cell>
 <cell></cell>
 <cell></cell>
 <cell>+</cell>
 <cell>0.000</cell>
 <cell>0.000</cell>
 <cell></cell>
 <cell>r</cell>
</row>
<row>
 <cell>clk_ibuf/U0/U_IOPAD:PAD</cell>
 <cell>net</cell>
 <cell>clk</cell>
 <cell></cell>
 <cell>+</cell>
 <cell>0.000</cell>
 <cell>0.000</cell>
 <cell></cell>
 <cell>r</cell>
</row>
<row>
 <cell>clk_ibuf/U0/U_IOPAD:Y</cell>
 <cell>cell</cell>
 <cell></cell>
 <cell>ADLIB:IOPAD_IN</cell>
 <cell>+</cell>
 <cell>1.452</cell>
 <cell>1.452</cell>
 <cell>2</cell>
 <cell>r</cell>
</row>
<row>
 <cell>clk_ibuf_RNIVTI2:An</cell>
 <cell>net</cell>
 <cell>clk_ibuf_Z</cell>
 <cell></cell>
 <cell>+</cell>
 <cell>0.061</cell>
 <cell>1.513</cell>
 <cell></cell>
 <cell>f</cell>
</row>
<row>
 <cell>clk_ibuf_RNIVTI2:YSn</cell>
 <cell>cell</cell>
 <cell></cell>
 <cell>ADLIB:GB</cell>
 <cell>+</cell>
 <cell>0.098</cell>
 <cell>1.611</cell>
 <cell>2</cell>
 <cell>f</cell>
</row>
<row>
 <cell>clk_ibuf_RNIVTI2/U0_RGB1:An</cell>
 <cell>net</cell>
 <cell>clk_ibuf_RNIVTI2/U0_YNn_GSouth</cell>
 <cell></cell>
 <cell>+</cell>
 <cell>0.330</cell>
 <cell>1.941</cell>
 <cell></cell>
 <cell>f</cell>
</row>
<row>
 <cell>clk_ibuf_RNIVTI2/U0_RGB1:YR</cell>
 <cell>cell</cell>
 <cell></cell>
 <cell>ADLIB:RGB</cell>
 <cell>+</cell>
 <cell>0.286</cell>
 <cell>2.227</cell>
 <cell>1</cell>
 <cell>r</cell>
</row>
<row>
 <cell>Q[0]:CLK</cell>
 <cell>net</cell>
 <cell>clk_ibuf_RNIVTI2/U0_RGB1_YR</cell>
 <cell></cell>
 <cell>+</cell>
 <cell>0.524</cell>
 <cell>2.751</cell>
 <cell></cell>
 <cell>r</cell>
</row>
<row>
 <cell>Q[0]:D</cell>
 <cell>Library hold time</cell>
 <cell></cell>
 <cell>ADLIB:SLE</cell>
 <cell>+</cell>
 <cell>0.000</cell>
 <cell>2.751</cell>
 <cell></cell>
 <cell></cell>
</row>
<row>
 <cell>data required time</cell>
 <cell></cell>
 <cell></cell>
 <cell></cell>
 <cell></cell>
 <cell></cell>
 <cell>2.751</cell>
 <cell></cell>
 <cell></cell>
</row>
<row>
</row>
</table>
</section>
<section>
<name>SET External Hold</name>
<text>No Path</text>
</section>
<section>
<name>SET Clock to Output</name>
<table>
<header>
 <cell/>
 <cell>From</cell>
 <cell>To</cell>
 <cell>Delay (ns)</cell>
 <cell>Slack (ns)</cell>
 <cell>Arrival (ns)</cell>
 <cell>Required (ns)</cell>
 <cell>Clock to Out (ns)</cell>
</header>
<row>
 <cell>Path 1</cell>
 <cell>Q[21]:CLK</cell>
 <cell>q[21]</cell>
 <cell>4.527</cell>
 <cell>9.331</cell>
 <cell>7.331</cell>
 <cell>-2.000</cell>
 <cell>7.331</cell>
</row>
<row>
 <cell>Path 2</cell>
 <cell>Q[1]:CLK</cell>
 <cell>q[1]</cell>
 <cell>4.539</cell>
 <cell>9.337</cell>
 <cell>7.337</cell>
 <cell>-2.000</cell>
 <cell>7.337</cell>
</row>
<row>
 <cell>Path 3</cell>
 <cell>Q[5]:CLK</cell>
 <cell>q[5]</cell>
 <cell>4.684</cell>
 <cell>9.483</cell>
 <cell>7.483</cell>
 <cell>-2.000</cell>
 <cell>7.483</cell>
</row>
<row>
 <cell>Path 4</cell>
 <cell>Q[9]:CLK</cell>
 <cell>q[9]</cell>
 <cell>4.718</cell>
 <cell>9.516</cell>
 <cell>7.516</cell>
 <cell>-2.000</cell>
 <cell>7.516</cell>
</row>
<row>
 <cell>Path 5</cell>
 <cell>Q[22]:CLK</cell>
 <cell>q[22]</cell>
 <cell>4.728</cell>
 <cell>9.519</cell>
 <cell>7.519</cell>
 <cell>-2.000</cell>
 <cell>7.519</cell>
</row>
</table>
<text></text>
<section><name>Expanded Path 1</name></section>
<table>
<header>
 <cell>Pin Name</cell>
 <cell>Type</cell>
 <cell>Net Name</cell>
 <cell>Cell Name</cell>
 <cell>Op</cell>
 <cell>Delay (ns)</cell>
 <cell>Total (ns)</cell>
 <cell>Fanout</cell>
 <cell>Edge</cell>
</header>
<row>
 <cell>From: Q[21]:CLK</cell>
 <cell></cell>
 <cell></cell>
 <cell></cell>
 <cell></cell>
 <cell></cell>
 <cell></cell>
 <cell></cell>
 <cell></cell>
</row>
<row>
 <cell>To: q[21]</cell>
 <cell></cell>
 <cell></cell>
 <cell></cell>
 <cell></cell>
 <cell></cell>
 <cell></cell>
 <cell></cell>
 <cell></cell>
</row>
<row>
 <cell>data arrival time</cell>
 <cell></cell>
 <cell></cell>
 <cell></cell>
 <cell></cell>
 <cell></cell>
 <cell>7.331</cell>
 <cell></cell>
 <cell></cell>
</row>
<row>
 <cell>data required time</cell>
 <cell></cell>
 <cell></cell>
 <cell></cell>
 <cell>-</cell>
 <cell></cell>
 <cell>-2.000</cell>
 <cell></cell>
 <cell></cell>
</row>
<row>
 <cell>slack</cell>
 <cell></cell>
 <cell></cell>
 <cell></cell>
 <cell></cell>
 <cell></cell>
 <cell>9.331</cell>
 <cell></cell>
 <cell></cell>
</row>
<row>
</row>
<row>
 <cell>Data arrival time calculation</cell>
 <cell></cell>
 <cell></cell>
 <cell></cell>
 <cell></cell>
 <cell></cell>
 <cell></cell>
 <cell></cell>
 <cell></cell>
</row>
<row>
 <cell>clk</cell>
 <cell></cell>
 <cell></cell>
 <cell></cell>
 <cell></cell>
 <cell>0.000</cell>
 <cell>0.000</cell>
 <cell></cell>
 <cell></cell>
</row>
<row>
 <cell>clk</cell>
 <cell>Clock source</cell>
 <cell></cell>
 <cell></cell>
 <cell>+</cell>
 <cell>0.000</cell>
 <cell>0.000</cell>
 <cell></cell>
 <cell>r</cell>
</row>
<row>
 <cell>clk_ibuf/U0/U_IOPAD:PAD</cell>
 <cell>net</cell>
 <cell>clk</cell>
 <cell></cell>
 <cell>+</cell>
 <cell>0.000</cell>
 <cell>0.000</cell>
 <cell></cell>
 <cell>r</cell>
</row>
<row>
 <cell>clk_ibuf/U0/U_IOPAD:Y</cell>
 <cell>cell</cell>
 <cell></cell>
 <cell>ADLIB:IOPAD_IN</cell>
 <cell>+</cell>
 <cell>1.452</cell>
 <cell>1.452</cell>
 <cell>2</cell>
 <cell>r</cell>
</row>
<row>
 <cell>clk_ibuf_RNIVTI2:An</cell>
 <cell>net</cell>
 <cell>clk_ibuf_Z</cell>
 <cell></cell>
 <cell>+</cell>
 <cell>0.061</cell>
 <cell>1.513</cell>
 <cell></cell>
 <cell>f</cell>
</row>
<row>
 <cell>clk_ibuf_RNIVTI2:YSn</cell>
 <cell>cell</cell>
 <cell></cell>
 <cell>ADLIB:GB</cell>
 <cell>+</cell>
 <cell>0.098</cell>
 <cell>1.611</cell>
 <cell>2</cell>
 <cell>f</cell>
</row>
<row>
 <cell>clk_ibuf_RNIVTI2/U0_RGB1_RGB0:An</cell>
 <cell>net</cell>
 <cell>clk_ibuf_RNIVTI2/U0_YNn_GSouth</cell>
 <cell></cell>
 <cell>+</cell>
 <cell>0.330</cell>
 <cell>1.941</cell>
 <cell></cell>
 <cell>f</cell>
</row>
<row>
 <cell>clk_ibuf_RNIVTI2/U0_RGB1_RGB0:YR</cell>
 <cell>cell</cell>
 <cell></cell>
 <cell>ADLIB:RGB</cell>
 <cell>+</cell>
 <cell>0.286</cell>
 <cell>2.227</cell>
 <cell>23</cell>
 <cell>r</cell>
</row>
<row>
 <cell>Q[21]:CLK</cell>
 <cell>net</cell>
 <cell>clk_ibuf_RNIVTI2/U0_RGB1_RGB0_rgbr_net_1</cell>
 <cell></cell>
 <cell>+</cell>
 <cell>0.577</cell>
 <cell>2.804</cell>
 <cell></cell>
 <cell>r</cell>
</row>
<row>
 <cell>Q[21]:Q</cell>
 <cell>cell</cell>
 <cell></cell>
 <cell>ADLIB:SLE</cell>
 <cell>+</cell>
 <cell>0.099</cell>
 <cell>2.903</cell>
 <cell>2</cell>
 <cell>r</cell>
</row>
<row>
 <cell>q_obuf[21]/U0/U_IOOUTFF:A</cell>
 <cell>net</cell>
 <cell>q_c[21]</cell>
 <cell></cell>
 <cell>+</cell>
 <cell>0.861</cell>
 <cell>3.764</cell>
 <cell></cell>
 <cell>r</cell>
</row>
<row>
 <cell>q_obuf[21]/U0/U_IOOUTFF:Y</cell>
 <cell>cell</cell>
 <cell></cell>
 <cell>ADLIB:IOOUTFF_BYPASS</cell>
 <cell>+</cell>
 <cell>0.211</cell>
 <cell>3.975</cell>
 <cell>1</cell>
 <cell>r</cell>
</row>
<row>
 <cell>q_obuf[21]/U0/U_IOPAD:D</cell>
 <cell>net</cell>
 <cell>q_obuf[21]/U0/DOUT</cell>
 <cell></cell>
 <cell>+</cell>
 <cell>0.460</cell>
 <cell>4.435</cell>
 <cell></cell>
 <cell>r</cell>
</row>
<row>
 <cell>q_obuf[21]/U0/U_IOPAD:PAD</cell>
 <cell>cell</cell>
 <cell></cell>
 <cell>ADLIB:IOPAD_TRI</cell>
 <cell>+</cell>
 <cell>2.896</cell>
 <cell>7.331</cell>
 <cell>0</cell>
 <cell>r</cell>
</row>
<row>
 <cell>q[21]</cell>
 <cell>net</cell>
 <cell>q[21]</cell>
 <cell></cell>
 <cell>+</cell>
 <cell>0.000</cell>
 <cell>7.331</cell>
 <cell></cell>
 <cell>r</cell>
</row>
<row>
 <cell>data arrival time</cell>
 <cell></cell>
 <cell></cell>
 <cell></cell>
 <cell></cell>
 <cell></cell>
 <cell>7.331</cell>
 <cell></cell>
 <cell></cell>
</row>
<row>
</row>
<row>
 <cell>Data required time calculation</cell>
 <cell></cell>
 <cell></cell>
 <cell></cell>
 <cell></cell>
 <cell></cell>
 <cell></cell>
 <cell></cell>
 <cell></cell>
</row>
<row>
 <cell>clk</cell>
 <cell>Clock Constraint</cell>
 <cell></cell>
 <cell></cell>
 <cell></cell>
 <cell>0.000</cell>
 <cell>0.000</cell>
 <cell></cell>
 <cell></cell>
</row>
<row>
 <cell>clk</cell>
 <cell>Clock source</cell>
 <cell></cell>
 <cell></cell>
 <cell>+</cell>
 <cell>0.000</cell>
 <cell>0.000</cell>
 <cell></cell>
 <cell>r</cell>
</row>
<row>
 <cell>q[21]</cell>
 <cell>Output Delay Constraint</cell>
 <cell></cell>
 <cell></cell>
 <cell>-</cell>
 <cell>2.000</cell>
 <cell>-2.000</cell>
 <cell></cell>
 <cell>r</cell>
</row>
<row>
 <cell>data required time</cell>
 <cell></cell>
 <cell></cell>
 <cell></cell>
 <cell></cell>
 <cell></cell>
 <cell>-2.000</cell>
 <cell></cell>
 <cell></cell>
</row>
<row>
</row>
</table>
</section>
<section>
<name>SET Register to Asynchronous</name>
<text>No Path</text>
</section>
<section>
<name>SET External Removal</name>
<table>
<header>
 <cell/>
 <cell>From</cell>
 <cell>To</cell>
 <cell>Delay (ns)</cell>
 <cell>Slack (ns)</cell>
 <cell>Arrival (ns)</cell>
 <cell>Required (ns)</cell>
 <cell>Removal (ns)</cell>
 <cell>External Removal (ns)</cell>
</header>
<row>
 <cell>Path 1</cell>
 <cell>rst_n</cell>
 <cell>Q[0]:ALn</cell>
 <cell>2.969</cell>
 <cell>0.143</cell>
 <cell>2.979</cell>
 <cell>2.836</cell>
 <cell>0.000</cell>
 <cell>-0.133</cell>
</row>
<row>
 <cell>Path 2</cell>
 <cell>rst_n</cell>
 <cell>Q[11]:ALn</cell>
 <cell>3.024</cell>
 <cell>0.148</cell>
 <cell>3.034</cell>
 <cell>2.886</cell>
 <cell>0.000</cell>
 <cell>-0.138</cell>
</row>
<row>
 <cell>Path 3</cell>
 <cell>rst_n</cell>
 <cell>Q[5]:ALn</cell>
 <cell>3.024</cell>
 <cell>0.148</cell>
 <cell>3.034</cell>
 <cell>2.886</cell>
 <cell>0.000</cell>
 <cell>-0.138</cell>
</row>
<row>
 <cell>Path 4</cell>
 <cell>rst_n</cell>
 <cell>Q[1]:ALn</cell>
 <cell>3.024</cell>
 <cell>0.149</cell>
 <cell>3.034</cell>
 <cell>2.885</cell>
 <cell>0.000</cell>
 <cell>-0.139</cell>
</row>
<row>
 <cell>Path 5</cell>
 <cell>rst_n</cell>
 <cell>Q[23]:ALn</cell>
 <cell>3.031</cell>
 <cell>0.149</cell>
 <cell>3.041</cell>
 <cell>2.892</cell>
 <cell>0.000</cell>
 <cell>-0.139</cell>
</row>
</table>
<text></text>
<section><name>Expanded Path 1</name></section>
<table>
<header>
 <cell>Pin Name</cell>
 <cell>Type</cell>
 <cell>Net Name</cell>
 <cell>Cell Name</cell>
 <cell>Op</cell>
 <cell>Delay (ns)</cell>
 <cell>Total (ns)</cell>
 <cell>Fanout</cell>
 <cell>Edge</cell>
</header>
<row>
 <cell>From: rst_n</cell>
 <cell></cell>
 <cell></cell>
 <cell></cell>
 <cell></cell>
 <cell></cell>
 <cell></cell>
 <cell></cell>
 <cell></cell>
</row>
<row>
 <cell>To: Q[0]:ALn</cell>
 <cell></cell>
 <cell></cell>
 <cell></cell>
 <cell></cell>
 <cell></cell>
 <cell></cell>
 <cell></cell>
 <cell></cell>
</row>
<row>
 <cell>data arrival time</cell>
 <cell></cell>
 <cell></cell>
 <cell></cell>
 <cell></cell>
 <cell></cell>
 <cell>2.979</cell>
 <cell></cell>
 <cell></cell>
</row>
<row>
 <cell>data required time</cell>
 <cell></cell>
 <cell></cell>
 <cell></cell>
 <cell>-</cell>
 <cell></cell>
 <cell>2.836</cell>
 <cell></cell>
 <cell></cell>
</row>
<row>
 <cell>slack</cell>
 <cell></cell>
 <cell></cell>
 <cell></cell>
 <cell></cell>
 <cell></cell>
 <cell>0.143</cell>
 <cell></cell>
 <cell></cell>
</row>
<row>
</row>
<row>
 <cell>Data arrival time calculation</cell>
 <cell></cell>
 <cell></cell>
 <cell></cell>
 <cell></cell>
 <cell></cell>
 <cell></cell>
 <cell></cell>
 <cell></cell>
</row>
<row>
 <cell>clk</cell>
 <cell></cell>
 <cell></cell>
 <cell></cell>
 <cell></cell>
 <cell>0.000</cell>
 <cell>0.000</cell>
 <cell></cell>
 <cell></cell>
</row>
<row>
 <cell>rst_n</cell>
 <cell>Input Delay Constraint</cell>
 <cell></cell>
 <cell></cell>
 <cell>+</cell>
 <cell>0.010</cell>
 <cell>0.010</cell>
 <cell></cell>
 <cell>r</cell>
</row>
<row>
 <cell>rst_n_ibuf/U0/U_IOPAD:PAD</cell>
 <cell>net</cell>
 <cell>rst_n</cell>
 <cell></cell>
 <cell>+</cell>
 <cell>0.000</cell>
 <cell>0.010</cell>
 <cell></cell>
 <cell>r</cell>
</row>
<row>
 <cell>rst_n_ibuf/U0/U_IOPAD:Y</cell>
 <cell>cell</cell>
 <cell></cell>
 <cell>ADLIB:IOPAD_IN</cell>
 <cell>+</cell>
 <cell>1.452</cell>
 <cell>1.462</cell>
 <cell>2</cell>
 <cell>r</cell>
</row>
<row>
 <cell>rst_n_ibuf_RNIBNDC:An</cell>
 <cell>net</cell>
 <cell>rst_n_ibuf_Z</cell>
 <cell></cell>
 <cell>+</cell>
 <cell>0.252</cell>
 <cell>1.714</cell>
 <cell></cell>
 <cell>f</cell>
</row>
<row>
 <cell>rst_n_ibuf_RNIBNDC:YSn</cell>
 <cell>cell</cell>
 <cell></cell>
 <cell>ADLIB:GB</cell>
 <cell>+</cell>
 <cell>0.098</cell>
 <cell>1.812</cell>
 <cell>2</cell>
 <cell>f</cell>
</row>
<row>
 <cell>rst_n_ibuf_RNIBNDC/U0_RGB1:An</cell>
 <cell>net</cell>
 <cell>rst_n_ibuf_RNIBNDC/U0_YNn_GSouth</cell>
 <cell></cell>
 <cell>+</cell>
 <cell>0.337</cell>
 <cell>2.149</cell>
 <cell></cell>
 <cell>f</cell>
</row>
<row>
 <cell>rst_n_ibuf_RNIBNDC/U0_RGB1:YR</cell>
 <cell>cell</cell>
 <cell></cell>
 <cell>ADLIB:RGB</cell>
 <cell>+</cell>
 <cell>0.286</cell>
 <cell>2.435</cell>
 <cell>1</cell>
 <cell>r</cell>
</row>
<row>
 <cell>Q[0]:ALn</cell>
 <cell>net</cell>
 <cell>rst_n_ibuf_RNIBNDC/U0_RGB1_YR</cell>
 <cell></cell>
 <cell>+</cell>
 <cell>0.544</cell>
 <cell>2.979</cell>
 <cell></cell>
 <cell>r</cell>
</row>
<row>
 <cell>data arrival time</cell>
 <cell></cell>
 <cell></cell>
 <cell></cell>
 <cell></cell>
 <cell></cell>
 <cell>2.979</cell>
 <cell></cell>
 <cell></cell>
</row>
<row>
</row>
<row>
 <cell>Data required time calculation</cell>
 <cell></cell>
 <cell></cell>
 <cell></cell>
 <cell></cell>
 <cell></cell>
 <cell></cell>
 <cell></cell>
 <cell></cell>
</row>
<row>
 <cell>clk</cell>
 <cell>Clock Constraint</cell>
 <cell></cell>
 <cell></cell>
 <cell></cell>
 <cell>0.000</cell>
 <cell>0.000</cell>
 <cell></cell>
 <cell></cell>
</row>
<row>
 <cell>clk</cell>
 <cell>Clock source</cell>
 <cell></cell>
 <cell></cell>
 <cell>+</cell>
 <cell>0.000</cell>
 <cell>0.000</cell>
 <cell></cell>
 <cell>r</cell>
</row>
<row>
 <cell>clk_ibuf/U0/U_IOPAD:PAD</cell>
 <cell>net</cell>
 <cell>clk</cell>
 <cell></cell>
 <cell>+</cell>
 <cell>0.000</cell>
 <cell>0.000</cell>
 <cell></cell>
 <cell>r</cell>
</row>
<row>
 <cell>clk_ibuf/U0/U_IOPAD:Y</cell>
 <cell>cell</cell>
 <cell></cell>
 <cell>ADLIB:IOPAD_IN</cell>
 <cell>+</cell>
 <cell>1.497</cell>
 <cell>1.497</cell>
 <cell>2</cell>
 <cell>r</cell>
</row>
<row>
 <cell>clk_ibuf_RNIVTI2:An</cell>
 <cell>net</cell>
 <cell>clk_ibuf_Z</cell>
 <cell></cell>
 <cell>+</cell>
 <cell>0.063</cell>
 <cell>1.560</cell>
 <cell></cell>
 <cell>f</cell>
</row>
<row>
 <cell>clk_ibuf_RNIVTI2:YSn</cell>
 <cell>cell</cell>
 <cell></cell>
 <cell>ADLIB:GB</cell>
 <cell>+</cell>
 <cell>0.101</cell>
 <cell>1.661</cell>
 <cell>2</cell>
 <cell>f</cell>
</row>
<row>
 <cell>clk_ibuf_RNIVTI2/U0_RGB1:An</cell>
 <cell>net</cell>
 <cell>clk_ibuf_RNIVTI2/U0_YNn_GSouth</cell>
 <cell></cell>
 <cell>+</cell>
 <cell>0.340</cell>
 <cell>2.001</cell>
 <cell></cell>
 <cell>f</cell>
</row>
<row>
 <cell>clk_ibuf_RNIVTI2/U0_RGB1:YR</cell>
 <cell>cell</cell>
 <cell></cell>
 <cell>ADLIB:RGB</cell>
 <cell>+</cell>
 <cell>0.295</cell>
 <cell>2.296</cell>
 <cell>1</cell>
 <cell>r</cell>
</row>
<row>
 <cell>Q[0]:CLK</cell>
 <cell>net</cell>
 <cell>clk_ibuf_RNIVTI2/U0_RGB1_YR</cell>
 <cell></cell>
 <cell>+</cell>
 <cell>0.540</cell>
 <cell>2.836</cell>
 <cell></cell>
 <cell>r</cell>
</row>
<row>
 <cell>Q[0]:ALn</cell>
 <cell>Library removal time</cell>
 <cell></cell>
 <cell>ADLIB:SLE</cell>
 <cell>+</cell>
 <cell>0.000</cell>
 <cell>2.836</cell>
 <cell></cell>
 <cell></cell>
</row>
<row>
 <cell>data required time</cell>
 <cell></cell>
 <cell></cell>
 <cell></cell>
 <cell></cell>
 <cell></cell>
 <cell>2.836</cell>
 <cell></cell>
 <cell></cell>
</row>
<row>
</row>
</table>
</section>
<section>
<name>SET Asynchronous to Register</name>
<text>No Path</text>
</section>
</section>
<section>
<name>Path Set Pin to Pin</name>
<section>
<name>SET Input to Output</name>
<text>No Path</text>
</section>
</section>
<section>
<name>Path Set User Sets</name>
</section>
</doc>
