<?xml version="1.0" encoding="UTF-8" standalone="no" ?>
<?xml-stylesheet href="rptstyle.xsl" type="text/xsl" ?>
<doc>
<title>Timing Multi Corner Report Min Delay Analysis
</title>
<text>SmartTime Version 12.900.20.24</text>
<text>Microsemi Corporation - Microsemi Libero Software Release v12.6 (Version 12.900.20.24)</text>
<text>Date: Sat Nov 18 17:21:18 2023
</text>
<table>
<header>
</header>
<row>
 <cell>Design</cell>
 <cell>HW4_Q3A</cell>
</row>
<row>
 <cell>Family</cell>
 <cell>SmartFusion2</cell>
</row>
<row>
 <cell>Die</cell>
 <cell>M2S010</cell>
</row>
<row>
 <cell>Package</cell>
 <cell>144 TQ</cell>
</row>
<row>
 <cell>Temperature Range</cell>
 <cell>0 - 85 C</cell>
</row>
<row>
 <cell>Voltage Range</cell>
 <cell>1.14 - 1.26 V</cell>
</row>
<row>
 <cell>Speed Grade</cell>
 <cell>STD</cell>
</row>
<row>
 <cell>Design State</cell>
 <cell>Post-Layout</cell>
</row>
<row>
 <cell>Data source</cell>
 <cell>Production</cell>
</row>
<row>
 <cell>Multi Corner Report Operating Conditions</cell>
 <cell>BEST, TYPICAL, WORST</cell>
</row>
<row>
 <cell>Scenario for Timing Analysis</cell>
 <cell>timing_analysis</cell>
</row>
</table>
<text></text>
<section>
<name>Summary</name>
<table>
<header>
 <cell>Clock Domain</cell>
 <cell>Required Period (ns)</cell>
 <cell>Required Frequency (MHz)</cell>
 <cell>Worst Slack (ns)</cell>
 <cell>Operating Conditions</cell>
</header>
<row>
 <cell>clk</cell>
 <cell>20.000</cell>
 <cell>50.000</cell>
 <cell>0.092</cell>
 <cell>BEST</cell>
</row>
</table>
<text></text>
<table>
<header>
 <cell></cell>
 <cell>Worst Slack (ns)</cell>
 <cell>Operating Conditions</cell>
</header>
<row>
 <cell>Input to Output</cell>
 <cell></cell>
 <cell></cell>
</row>
</table>
</section>
<section>
<name>Clock Domain clk</name>
<text>Info: The maximum frequency of this clock domain is limited by the minimum pulse widths of pin clk_ibuf/U0/U_IOPAD:PAD</text>
<text></text>
<section>
<name>SET Register to Register</name>
<table>
<header>
 <cell/>
 <cell>From</cell>
 <cell>To</cell>
 <cell>Delay (ns)</cell>
 <cell>Slack (ns)</cell>
 <cell>Arrival (ns)</cell>
 <cell>Required (ns)</cell>
 <cell>Hold (ns)</cell>
 <cell>Operating Conditions</cell>
</header>
<row>
 <cell>Path 1</cell>
 <cell>Q[0]:CLK</cell>
 <cell>Q[0]:D</cell>
 <cell>0.398</cell>
 <cell>0.398</cell>
 <cell>1.956</cell>
 <cell>1.558</cell>
 <cell>0.000</cell>
 <cell>BEST</cell>
</row>
<row>
 <cell>Path 2</cell>
 <cell>Q[9]:CLK</cell>
 <cell>Q[9]:D</cell>
 <cell>0.460</cell>
 <cell>0.460</cell>
 <cell>2.047</cell>
 <cell>1.587</cell>
 <cell>0.000</cell>
 <cell>BEST</cell>
</row>
<row>
 <cell>Path 3</cell>
 <cell>Q[12]:CLK</cell>
 <cell>Q[12]:D</cell>
 <cell>0.464</cell>
 <cell>0.464</cell>
 <cell>2.046</cell>
 <cell>1.582</cell>
 <cell>0.000</cell>
 <cell>BEST</cell>
</row>
<row>
 <cell>Path 4</cell>
 <cell>Q[1]:CLK</cell>
 <cell>Q[1]:D</cell>
 <cell>0.509</cell>
 <cell>0.509</cell>
 <cell>2.096</cell>
 <cell>1.587</cell>
 <cell>0.000</cell>
 <cell>BEST</cell>
</row>
<row>
 <cell>Path 5</cell>
 <cell>Q[13]:CLK</cell>
 <cell>Q[13]:D</cell>
 <cell>0.509</cell>
 <cell>0.509</cell>
 <cell>2.099</cell>
 <cell>1.590</cell>
 <cell>0.000</cell>
 <cell>BEST</cell>
</row>
</table>
<text></text>
<section><name>Expanded Path 1</name></section>
<table>
<header>
 <cell>Pin Name</cell>
 <cell>Type</cell>
 <cell>Net Name</cell>
 <cell>Cell Name</cell>
 <cell>Op</cell>
 <cell>Delay (ns)</cell>
 <cell>Total (ns)</cell>
 <cell>Fanout</cell>
 <cell>Edge</cell>
</header>
<row>
 <cell>From: Q[0]:CLK</cell>
 <cell></cell>
 <cell></cell>
 <cell></cell>
 <cell></cell>
 <cell></cell>
 <cell></cell>
 <cell></cell>
 <cell></cell>
</row>
<row>
 <cell>To: Q[0]:D</cell>
 <cell></cell>
 <cell></cell>
 <cell></cell>
 <cell></cell>
 <cell></cell>
 <cell></cell>
 <cell></cell>
 <cell></cell>
</row>
<row>
 <cell>data arrival time</cell>
 <cell></cell>
 <cell></cell>
 <cell></cell>
 <cell></cell>
 <cell></cell>
 <cell>1.956</cell>
 <cell></cell>
 <cell></cell>
</row>
<row>
 <cell>data required time</cell>
 <cell></cell>
 <cell></cell>
 <cell></cell>
 <cell>-</cell>
 <cell></cell>
 <cell>1.558</cell>
 <cell></cell>
 <cell></cell>
</row>
<row>
 <cell>slack</cell>
 <cell></cell>
 <cell></cell>
 <cell></cell>
 <cell></cell>
 <cell></cell>
 <cell>0.398</cell>
 <cell></cell>
 <cell></cell>
</row>
<row>
</row>
<row>
 <cell>Data arrival time calculation</cell>
 <cell></cell>
 <cell></cell>
 <cell></cell>
 <cell></cell>
 <cell></cell>
 <cell></cell>
 <cell></cell>
 <cell></cell>
</row>
<row>
 <cell>clk</cell>
 <cell></cell>
 <cell></cell>
 <cell></cell>
 <cell></cell>
 <cell>0.000</cell>
 <cell>0.000</cell>
 <cell></cell>
 <cell></cell>
</row>
<row>
 <cell>clk</cell>
 <cell>Clock source</cell>
 <cell></cell>
 <cell></cell>
 <cell>+</cell>
 <cell>0.000</cell>
 <cell>0.000</cell>
 <cell></cell>
 <cell>r</cell>
</row>
<row>
 <cell>clk_ibuf/U0/U_IOPAD:PAD</cell>
 <cell>net</cell>
 <cell>clk</cell>
 <cell></cell>
 <cell>+</cell>
 <cell>0.000</cell>
 <cell>0.000</cell>
 <cell></cell>
 <cell>r</cell>
</row>
<row>
 <cell>clk_ibuf/U0/U_IOPAD:Y</cell>
 <cell>cell</cell>
 <cell></cell>
 <cell>ADLIB:IOPAD_IN</cell>
 <cell>+</cell>
 <cell>0.797</cell>
 <cell>0.797</cell>
 <cell>2</cell>
 <cell>r</cell>
</row>
<row>
 <cell>clk_ibuf_RNIVTI2:An</cell>
 <cell>net</cell>
 <cell>clk_ibuf_Z</cell>
 <cell></cell>
 <cell>+</cell>
 <cell>0.036</cell>
 <cell>0.833</cell>
 <cell></cell>
 <cell>f</cell>
</row>
<row>
 <cell>clk_ibuf_RNIVTI2:YSn</cell>
 <cell>cell</cell>
 <cell></cell>
 <cell>ADLIB:GB</cell>
 <cell>+</cell>
 <cell>0.057</cell>
 <cell>0.890</cell>
 <cell>2</cell>
 <cell>f</cell>
</row>
<row>
 <cell>clk_ibuf_RNIVTI2/U0_RGB1:An</cell>
 <cell>net</cell>
 <cell>clk_ibuf_RNIVTI2/U0_YNn_GSouth</cell>
 <cell></cell>
 <cell>+</cell>
 <cell>0.192</cell>
 <cell>1.082</cell>
 <cell></cell>
 <cell>f</cell>
</row>
<row>
 <cell>clk_ibuf_RNIVTI2/U0_RGB1:YR</cell>
 <cell>cell</cell>
 <cell></cell>
 <cell>ADLIB:RGB</cell>
 <cell>+</cell>
 <cell>0.168</cell>
 <cell>1.250</cell>
 <cell>1</cell>
 <cell>r</cell>
</row>
<row>
 <cell>Q[0]:CLK</cell>
 <cell>net</cell>
 <cell>clk_ibuf_RNIVTI2/U0_RGB1_YR</cell>
 <cell></cell>
 <cell>+</cell>
 <cell>0.308</cell>
 <cell>1.558</cell>
 <cell></cell>
 <cell>r</cell>
</row>
<row>
 <cell>Q[0]:Q</cell>
 <cell>cell</cell>
 <cell></cell>
 <cell>ADLIB:SLE</cell>
 <cell>+</cell>
 <cell>0.058</cell>
 <cell>1.616</cell>
 <cell>3</cell>
 <cell>r</cell>
</row>
<row>
 <cell>Q_RNO[0]:A</cell>
 <cell>net</cell>
 <cell>q_c[0]</cell>
 <cell></cell>
 <cell>+</cell>
 <cell>0.224</cell>
 <cell>1.840</cell>
 <cell></cell>
 <cell>r</cell>
</row>
<row>
 <cell>Q_RNO[0]:Y</cell>
 <cell>cell</cell>
 <cell></cell>
 <cell>ADLIB:CFG1</cell>
 <cell>+</cell>
 <cell>0.067</cell>
 <cell>1.907</cell>
 <cell>1</cell>
 <cell>f</cell>
</row>
<row>
 <cell>Q[0]:D</cell>
 <cell>net</cell>
 <cell>Q_s[0]</cell>
 <cell></cell>
 <cell>+</cell>
 <cell>0.049</cell>
 <cell>1.956</cell>
 <cell></cell>
 <cell>f</cell>
</row>
<row>
 <cell>data arrival time</cell>
 <cell></cell>
 <cell></cell>
 <cell></cell>
 <cell></cell>
 <cell></cell>
 <cell>1.956</cell>
 <cell></cell>
 <cell></cell>
</row>
<row>
</row>
<row>
 <cell>Data required time calculation</cell>
 <cell></cell>
 <cell></cell>
 <cell></cell>
 <cell></cell>
 <cell></cell>
 <cell></cell>
 <cell></cell>
 <cell></cell>
</row>
<row>
 <cell>clk</cell>
 <cell>Clock Constraint</cell>
 <cell></cell>
 <cell></cell>
 <cell></cell>
 <cell>0.000</cell>
 <cell>0.000</cell>
 <cell></cell>
 <cell></cell>
</row>
<row>
 <cell>clk</cell>
 <cell>Clock source</cell>
 <cell></cell>
 <cell></cell>
 <cell>+</cell>
 <cell>0.000</cell>
 <cell>0.000</cell>
 <cell></cell>
 <cell>r</cell>
</row>
<row>
 <cell>clk_ibuf/U0/U_IOPAD:PAD</cell>
 <cell>net</cell>
 <cell>clk</cell>
 <cell></cell>
 <cell>+</cell>
 <cell>0.000</cell>
 <cell>0.000</cell>
 <cell></cell>
 <cell>r</cell>
</row>
<row>
 <cell>clk_ibuf/U0/U_IOPAD:Y</cell>
 <cell>cell</cell>
 <cell></cell>
 <cell>ADLIB:IOPAD_IN</cell>
 <cell>+</cell>
 <cell>0.797</cell>
 <cell>0.797</cell>
 <cell>2</cell>
 <cell>r</cell>
</row>
<row>
 <cell>clk_ibuf_RNIVTI2:An</cell>
 <cell>net</cell>
 <cell>clk_ibuf_Z</cell>
 <cell></cell>
 <cell>+</cell>
 <cell>0.036</cell>
 <cell>0.833</cell>
 <cell></cell>
 <cell>f</cell>
</row>
<row>
 <cell>clk_ibuf_RNIVTI2:YSn</cell>
 <cell>cell</cell>
 <cell></cell>
 <cell>ADLIB:GB</cell>
 <cell>+</cell>
 <cell>0.057</cell>
 <cell>0.890</cell>
 <cell>2</cell>
 <cell>f</cell>
</row>
<row>
 <cell>clk_ibuf_RNIVTI2/U0_RGB1:An</cell>
 <cell>net</cell>
 <cell>clk_ibuf_RNIVTI2/U0_YNn_GSouth</cell>
 <cell></cell>
 <cell>+</cell>
 <cell>0.192</cell>
 <cell>1.082</cell>
 <cell></cell>
 <cell>f</cell>
</row>
<row>
 <cell>clk_ibuf_RNIVTI2/U0_RGB1:YR</cell>
 <cell>cell</cell>
 <cell></cell>
 <cell>ADLIB:RGB</cell>
 <cell>+</cell>
 <cell>0.168</cell>
 <cell>1.250</cell>
 <cell>1</cell>
 <cell>r</cell>
</row>
<row>
 <cell>Q[0]:CLK</cell>
 <cell>net</cell>
 <cell>clk_ibuf_RNIVTI2/U0_RGB1_YR</cell>
 <cell></cell>
 <cell>+</cell>
 <cell>0.308</cell>
 <cell>1.558</cell>
 <cell></cell>
 <cell>r</cell>
</row>
<row>
 <cell>Q[0]:D</cell>
 <cell>Library hold time</cell>
 <cell></cell>
 <cell>ADLIB:SLE</cell>
 <cell>+</cell>
 <cell>0.000</cell>
 <cell>1.558</cell>
 <cell></cell>
 <cell></cell>
</row>
<row>
 <cell>data required time</cell>
 <cell></cell>
 <cell></cell>
 <cell></cell>
 <cell></cell>
 <cell></cell>
 <cell>1.558</cell>
 <cell></cell>
 <cell></cell>
</row>
<row>
</row>
<row>
 <cell>Operating Conditions</cell>
 <cell>BEST</cell>
</row>
</table>
</section>
<section>
<name>SET External Hold</name>
<text>No Path</text>
</section>
<section>
<name>SET Clock to Output</name>
<table>
<header>
 <cell/>
 <cell>From</cell>
 <cell>To</cell>
 <cell>Delay (ns)</cell>
 <cell>Slack (ns)</cell>
 <cell>Arrival (ns)</cell>
 <cell>Required (ns)</cell>
 <cell>Clock to Out (ns)</cell>
 <cell>Operating Conditions</cell>
</header>
<row>
 <cell>Path 1</cell>
 <cell>Q[21]:CLK</cell>
 <cell>q[21]</cell>
 <cell>2.556</cell>
 <cell>6.145</cell>
 <cell>4.145</cell>
 <cell>-2.000</cell>
 <cell>4.145</cell>
 <cell>BEST</cell>
</row>
<row>
 <cell>Path 2</cell>
 <cell>Q[1]:CLK</cell>
 <cell>q[1]</cell>
 <cell>2.562</cell>
 <cell>6.149</cell>
 <cell>4.149</cell>
 <cell>-2.000</cell>
 <cell>4.149</cell>
 <cell>BEST</cell>
</row>
<row>
 <cell>Path 3</cell>
 <cell>Q[5]:CLK</cell>
 <cell>q[5]</cell>
 <cell>2.649</cell>
 <cell>6.236</cell>
 <cell>4.236</cell>
 <cell>-2.000</cell>
 <cell>4.236</cell>
 <cell>BEST</cell>
</row>
<row>
 <cell>Path 4</cell>
 <cell>Q[9]:CLK</cell>
 <cell>q[9]</cell>
 <cell>2.669</cell>
 <cell>6.256</cell>
 <cell>4.256</cell>
 <cell>-2.000</cell>
 <cell>4.256</cell>
 <cell>BEST</cell>
</row>
<row>
 <cell>Path 5</cell>
 <cell>Q[22]:CLK</cell>
 <cell>q[22]</cell>
 <cell>2.675</cell>
 <cell>6.257</cell>
 <cell>4.257</cell>
 <cell>-2.000</cell>
 <cell>4.257</cell>
 <cell>BEST</cell>
</row>
</table>
<text></text>
<section><name>Expanded Path 1</name></section>
<table>
<header>
 <cell>Pin Name</cell>
 <cell>Type</cell>
 <cell>Net Name</cell>
 <cell>Cell Name</cell>
 <cell>Op</cell>
 <cell>Delay (ns)</cell>
 <cell>Total (ns)</cell>
 <cell>Fanout</cell>
 <cell>Edge</cell>
</header>
<row>
 <cell>From: Q[21]:CLK</cell>
 <cell></cell>
 <cell></cell>
 <cell></cell>
 <cell></cell>
 <cell></cell>
 <cell></cell>
 <cell></cell>
 <cell></cell>
</row>
<row>
 <cell>To: q[21]</cell>
 <cell></cell>
 <cell></cell>
 <cell></cell>
 <cell></cell>
 <cell></cell>
 <cell></cell>
 <cell></cell>
 <cell></cell>
</row>
<row>
 <cell>data arrival time</cell>
 <cell></cell>
 <cell></cell>
 <cell></cell>
 <cell></cell>
 <cell></cell>
 <cell>4.145</cell>
 <cell></cell>
 <cell></cell>
</row>
<row>
 <cell>data required time</cell>
 <cell></cell>
 <cell></cell>
 <cell></cell>
 <cell>-</cell>
 <cell></cell>
 <cell>-2.000</cell>
 <cell></cell>
 <cell></cell>
</row>
<row>
 <cell>slack</cell>
 <cell></cell>
 <cell></cell>
 <cell></cell>
 <cell></cell>
 <cell></cell>
 <cell>6.145</cell>
 <cell></cell>
 <cell></cell>
</row>
<row>
</row>
<row>
 <cell>Data arrival time calculation</cell>
 <cell></cell>
 <cell></cell>
 <cell></cell>
 <cell></cell>
 <cell></cell>
 <cell></cell>
 <cell></cell>
 <cell></cell>
</row>
<row>
 <cell>clk</cell>
 <cell></cell>
 <cell></cell>
 <cell></cell>
 <cell></cell>
 <cell>0.000</cell>
 <cell>0.000</cell>
 <cell></cell>
 <cell></cell>
</row>
<row>
 <cell>clk</cell>
 <cell>Clock source</cell>
 <cell></cell>
 <cell></cell>
 <cell>+</cell>
 <cell>0.000</cell>
 <cell>0.000</cell>
 <cell></cell>
 <cell>r</cell>
</row>
<row>
 <cell>clk_ibuf/U0/U_IOPAD:PAD</cell>
 <cell>net</cell>
 <cell>clk</cell>
 <cell></cell>
 <cell>+</cell>
 <cell>0.000</cell>
 <cell>0.000</cell>
 <cell></cell>
 <cell>r</cell>
</row>
<row>
 <cell>clk_ibuf/U0/U_IOPAD:Y</cell>
 <cell>cell</cell>
 <cell></cell>
 <cell>ADLIB:IOPAD_IN</cell>
 <cell>+</cell>
 <cell>0.797</cell>
 <cell>0.797</cell>
 <cell>2</cell>
 <cell>r</cell>
</row>
<row>
 <cell>clk_ibuf_RNIVTI2:An</cell>
 <cell>net</cell>
 <cell>clk_ibuf_Z</cell>
 <cell></cell>
 <cell>+</cell>
 <cell>0.036</cell>
 <cell>0.833</cell>
 <cell></cell>
 <cell>f</cell>
</row>
<row>
 <cell>clk_ibuf_RNIVTI2:YSn</cell>
 <cell>cell</cell>
 <cell></cell>
 <cell>ADLIB:GB</cell>
 <cell>+</cell>
 <cell>0.057</cell>
 <cell>0.890</cell>
 <cell>2</cell>
 <cell>f</cell>
</row>
<row>
 <cell>clk_ibuf_RNIVTI2/U0_RGB1_RGB0:An</cell>
 <cell>net</cell>
 <cell>clk_ibuf_RNIVTI2/U0_YNn_GSouth</cell>
 <cell></cell>
 <cell>+</cell>
 <cell>0.193</cell>
 <cell>1.083</cell>
 <cell></cell>
 <cell>f</cell>
</row>
<row>
 <cell>clk_ibuf_RNIVTI2/U0_RGB1_RGB0:YR</cell>
 <cell>cell</cell>
 <cell></cell>
 <cell>ADLIB:RGB</cell>
 <cell>+</cell>
 <cell>0.168</cell>
 <cell>1.251</cell>
 <cell>23</cell>
 <cell>r</cell>
</row>
<row>
 <cell>Q[21]:CLK</cell>
 <cell>net</cell>
 <cell>clk_ibuf_RNIVTI2/U0_RGB1_RGB0_rgbr_net_1</cell>
 <cell></cell>
 <cell>+</cell>
 <cell>0.338</cell>
 <cell>1.589</cell>
 <cell></cell>
 <cell>r</cell>
</row>
<row>
 <cell>Q[21]:Q</cell>
 <cell>cell</cell>
 <cell></cell>
 <cell>ADLIB:SLE</cell>
 <cell>+</cell>
 <cell>0.058</cell>
 <cell>1.647</cell>
 <cell>2</cell>
 <cell>r</cell>
</row>
<row>
 <cell>q_obuf[21]/U0/U_IOOUTFF:A</cell>
 <cell>net</cell>
 <cell>q_c[21]</cell>
 <cell></cell>
 <cell>+</cell>
 <cell>0.505</cell>
 <cell>2.152</cell>
 <cell></cell>
 <cell>r</cell>
</row>
<row>
 <cell>q_obuf[21]/U0/U_IOOUTFF:Y</cell>
 <cell>cell</cell>
 <cell></cell>
 <cell>ADLIB:IOOUTFF_BYPASS</cell>
 <cell>+</cell>
 <cell>0.124</cell>
 <cell>2.276</cell>
 <cell>1</cell>
 <cell>r</cell>
</row>
<row>
 <cell>q_obuf[21]/U0/U_IOPAD:D</cell>
 <cell>net</cell>
 <cell>q_obuf[21]/U0/DOUT</cell>
 <cell></cell>
 <cell>+</cell>
 <cell>0.270</cell>
 <cell>2.546</cell>
 <cell></cell>
 <cell>r</cell>
</row>
<row>
 <cell>q_obuf[21]/U0/U_IOPAD:PAD</cell>
 <cell>cell</cell>
 <cell></cell>
 <cell>ADLIB:IOPAD_TRI</cell>
 <cell>+</cell>
 <cell>1.599</cell>
 <cell>4.145</cell>
 <cell>0</cell>
 <cell>r</cell>
</row>
<row>
 <cell>q[21]</cell>
 <cell>net</cell>
 <cell>q[21]</cell>
 <cell></cell>
 <cell>+</cell>
 <cell>0.000</cell>
 <cell>4.145</cell>
 <cell></cell>
 <cell>r</cell>
</row>
<row>
 <cell>data arrival time</cell>
 <cell></cell>
 <cell></cell>
 <cell></cell>
 <cell></cell>
 <cell></cell>
 <cell>4.145</cell>
 <cell></cell>
 <cell></cell>
</row>
<row>
</row>
<row>
 <cell>Data required time calculation</cell>
 <cell></cell>
 <cell></cell>
 <cell></cell>
 <cell></cell>
 <cell></cell>
 <cell></cell>
 <cell></cell>
 <cell></cell>
</row>
<row>
 <cell>clk</cell>
 <cell>Clock Constraint</cell>
 <cell></cell>
 <cell></cell>
 <cell></cell>
 <cell>0.000</cell>
 <cell>0.000</cell>
 <cell></cell>
 <cell></cell>
</row>
<row>
 <cell>clk</cell>
 <cell>Clock source</cell>
 <cell></cell>
 <cell></cell>
 <cell>+</cell>
 <cell>0.000</cell>
 <cell>0.000</cell>
 <cell></cell>
 <cell>r</cell>
</row>
<row>
 <cell>q[21]</cell>
 <cell>Output Delay Constraint</cell>
 <cell></cell>
 <cell></cell>
 <cell>-</cell>
 <cell>2.000</cell>
 <cell>-2.000</cell>
 <cell></cell>
 <cell>r</cell>
</row>
<row>
 <cell>data required time</cell>
 <cell></cell>
 <cell></cell>
 <cell></cell>
 <cell></cell>
 <cell></cell>
 <cell>-2.000</cell>
 <cell></cell>
 <cell></cell>
</row>
<row>
</row>
<row>
 <cell>Operating Conditions</cell>
 <cell>BEST</cell>
</row>
</table>
</section>
<section>
<name>SET Register to Asynchronous</name>
<text>No Path</text>
</section>
<section>
<name>SET External Removal</name>
<table>
<header>
 <cell/>
 <cell>From</cell>
 <cell>To</cell>
 <cell>Delay (ns)</cell>
 <cell>Slack (ns)</cell>
 <cell>Arrival (ns)</cell>
 <cell>Required (ns)</cell>
 <cell>Removal (ns)</cell>
 <cell>External Removal (ns)</cell>
 <cell>Operating Conditions</cell>
</header>
<row>
 <cell>Path 1</cell>
 <cell>rst_n</cell>
 <cell>Q[0]:ALn</cell>
 <cell>1.686</cell>
 <cell>0.092</cell>
 <cell>1.696</cell>
 <cell>1.604</cell>
 <cell>0.000</cell>
 <cell>-0.082</cell>
 <cell>BEST</cell>
</row>
<row>
 <cell>Path 2</cell>
 <cell>rst_n</cell>
 <cell>Q[11]:ALn</cell>
 <cell>1.718</cell>
 <cell>0.093</cell>
 <cell>1.728</cell>
 <cell>1.635</cell>
 <cell>0.000</cell>
 <cell>-0.083</cell>
 <cell>BEST</cell>
</row>
<row>
 <cell>Path 3</cell>
 <cell>rst_n</cell>
 <cell>Q[5]:ALn</cell>
 <cell>1.718</cell>
 <cell>0.094</cell>
 <cell>1.728</cell>
 <cell>1.634</cell>
 <cell>0.000</cell>
 <cell>-0.084</cell>
 <cell>BEST</cell>
</row>
<row>
 <cell>Path 4</cell>
 <cell>rst_n</cell>
 <cell>Q[3]:ALn</cell>
 <cell>1.718</cell>
 <cell>0.094</cell>
 <cell>1.728</cell>
 <cell>1.634</cell>
 <cell>0.000</cell>
 <cell>-0.084</cell>
 <cell>BEST</cell>
</row>
<row>
 <cell>Path 5</cell>
 <cell>rst_n</cell>
 <cell>Q[1]:ALn</cell>
 <cell>1.718</cell>
 <cell>0.094</cell>
 <cell>1.728</cell>
 <cell>1.634</cell>
 <cell>0.000</cell>
 <cell>-0.084</cell>
 <cell>BEST</cell>
</row>
</table>
<text></text>
<section><name>Expanded Path 1</name></section>
<table>
<header>
 <cell>Pin Name</cell>
 <cell>Type</cell>
 <cell>Net Name</cell>
 <cell>Cell Name</cell>
 <cell>Op</cell>
 <cell>Delay (ns)</cell>
 <cell>Total (ns)</cell>
 <cell>Fanout</cell>
 <cell>Edge</cell>
</header>
<row>
 <cell>From: rst_n</cell>
 <cell></cell>
 <cell></cell>
 <cell></cell>
 <cell></cell>
 <cell></cell>
 <cell></cell>
 <cell></cell>
 <cell></cell>
</row>
<row>
 <cell>To: Q[0]:ALn</cell>
 <cell></cell>
 <cell></cell>
 <cell></cell>
 <cell></cell>
 <cell></cell>
 <cell></cell>
 <cell></cell>
 <cell></cell>
</row>
<row>
 <cell>data arrival time</cell>
 <cell></cell>
 <cell></cell>
 <cell></cell>
 <cell></cell>
 <cell></cell>
 <cell>1.696</cell>
 <cell></cell>
 <cell></cell>
</row>
<row>
 <cell>data required time</cell>
 <cell></cell>
 <cell></cell>
 <cell></cell>
 <cell>-</cell>
 <cell></cell>
 <cell>1.604</cell>
 <cell></cell>
 <cell></cell>
</row>
<row>
 <cell>slack</cell>
 <cell></cell>
 <cell></cell>
 <cell></cell>
 <cell></cell>
 <cell></cell>
 <cell>0.092</cell>
 <cell></cell>
 <cell></cell>
</row>
<row>
</row>
<row>
 <cell>Data arrival time calculation</cell>
 <cell></cell>
 <cell></cell>
 <cell></cell>
 <cell></cell>
 <cell></cell>
 <cell></cell>
 <cell></cell>
 <cell></cell>
</row>
<row>
 <cell>clk</cell>
 <cell></cell>
 <cell></cell>
 <cell></cell>
 <cell></cell>
 <cell>0.000</cell>
 <cell>0.000</cell>
 <cell></cell>
 <cell></cell>
</row>
<row>
 <cell>rst_n</cell>
 <cell>Input Delay Constraint</cell>
 <cell></cell>
 <cell></cell>
 <cell>+</cell>
 <cell>0.010</cell>
 <cell>0.010</cell>
 <cell></cell>
 <cell>r</cell>
</row>
<row>
 <cell>rst_n_ibuf/U0/U_IOPAD:PAD</cell>
 <cell>net</cell>
 <cell>rst_n</cell>
 <cell></cell>
 <cell>+</cell>
 <cell>0.000</cell>
 <cell>0.010</cell>
 <cell></cell>
 <cell>r</cell>
</row>
<row>
 <cell>rst_n_ibuf/U0/U_IOPAD:Y</cell>
 <cell>cell</cell>
 <cell></cell>
 <cell>ADLIB:IOPAD_IN</cell>
 <cell>+</cell>
 <cell>0.797</cell>
 <cell>0.807</cell>
 <cell>2</cell>
 <cell>r</cell>
</row>
<row>
 <cell>rst_n_ibuf_RNIBNDC:An</cell>
 <cell>net</cell>
 <cell>rst_n_ibuf_Z</cell>
 <cell></cell>
 <cell>+</cell>
 <cell>0.148</cell>
 <cell>0.955</cell>
 <cell></cell>
 <cell>f</cell>
</row>
<row>
 <cell>rst_n_ibuf_RNIBNDC:YSn</cell>
 <cell>cell</cell>
 <cell></cell>
 <cell>ADLIB:GB</cell>
 <cell>+</cell>
 <cell>0.057</cell>
 <cell>1.012</cell>
 <cell>2</cell>
 <cell>f</cell>
</row>
<row>
 <cell>rst_n_ibuf_RNIBNDC/U0_RGB1:An</cell>
 <cell>net</cell>
 <cell>rst_n_ibuf_RNIBNDC/U0_YNn_GSouth</cell>
 <cell></cell>
 <cell>+</cell>
 <cell>0.196</cell>
 <cell>1.208</cell>
 <cell></cell>
 <cell>f</cell>
</row>
<row>
 <cell>rst_n_ibuf_RNIBNDC/U0_RGB1:YR</cell>
 <cell>cell</cell>
 <cell></cell>
 <cell>ADLIB:RGB</cell>
 <cell>+</cell>
 <cell>0.168</cell>
 <cell>1.376</cell>
 <cell>1</cell>
 <cell>r</cell>
</row>
<row>
 <cell>Q[0]:ALn</cell>
 <cell>net</cell>
 <cell>rst_n_ibuf_RNIBNDC/U0_RGB1_YR</cell>
 <cell></cell>
 <cell>+</cell>
 <cell>0.320</cell>
 <cell>1.696</cell>
 <cell></cell>
 <cell>r</cell>
</row>
<row>
 <cell>data arrival time</cell>
 <cell></cell>
 <cell></cell>
 <cell></cell>
 <cell></cell>
 <cell></cell>
 <cell>1.696</cell>
 <cell></cell>
 <cell></cell>
</row>
<row>
</row>
<row>
 <cell>Data required time calculation</cell>
 <cell></cell>
 <cell></cell>
 <cell></cell>
 <cell></cell>
 <cell></cell>
 <cell></cell>
 <cell></cell>
 <cell></cell>
</row>
<row>
 <cell>clk</cell>
 <cell>Clock Constraint</cell>
 <cell></cell>
 <cell></cell>
 <cell></cell>
 <cell>0.000</cell>
 <cell>0.000</cell>
 <cell></cell>
 <cell></cell>
</row>
<row>
 <cell>clk</cell>
 <cell>Clock source</cell>
 <cell></cell>
 <cell></cell>
 <cell>+</cell>
 <cell>0.000</cell>
 <cell>0.000</cell>
 <cell></cell>
 <cell>r</cell>
</row>
<row>
 <cell>clk_ibuf/U0/U_IOPAD:PAD</cell>
 <cell>net</cell>
 <cell>clk</cell>
 <cell></cell>
 <cell>+</cell>
 <cell>0.000</cell>
 <cell>0.000</cell>
 <cell></cell>
 <cell>r</cell>
</row>
<row>
 <cell>clk_ibuf/U0/U_IOPAD:Y</cell>
 <cell>cell</cell>
 <cell></cell>
 <cell>ADLIB:IOPAD_IN</cell>
 <cell>+</cell>
 <cell>0.821</cell>
 <cell>0.821</cell>
 <cell>2</cell>
 <cell>r</cell>
</row>
<row>
 <cell>clk_ibuf_RNIVTI2:An</cell>
 <cell>net</cell>
 <cell>clk_ibuf_Z</cell>
 <cell></cell>
 <cell>+</cell>
 <cell>0.037</cell>
 <cell>0.858</cell>
 <cell></cell>
 <cell>f</cell>
</row>
<row>
 <cell>clk_ibuf_RNIVTI2:YSn</cell>
 <cell>cell</cell>
 <cell></cell>
 <cell>ADLIB:GB</cell>
 <cell>+</cell>
 <cell>0.058</cell>
 <cell>0.916</cell>
 <cell>2</cell>
 <cell>f</cell>
</row>
<row>
 <cell>clk_ibuf_RNIVTI2/U0_RGB1:An</cell>
 <cell>net</cell>
 <cell>clk_ibuf_RNIVTI2/U0_YNn_GSouth</cell>
 <cell></cell>
 <cell>+</cell>
 <cell>0.198</cell>
 <cell>1.114</cell>
 <cell></cell>
 <cell>f</cell>
</row>
<row>
 <cell>clk_ibuf_RNIVTI2/U0_RGB1:YR</cell>
 <cell>cell</cell>
 <cell></cell>
 <cell>ADLIB:RGB</cell>
 <cell>+</cell>
 <cell>0.173</cell>
 <cell>1.287</cell>
 <cell>1</cell>
 <cell>r</cell>
</row>
<row>
 <cell>Q[0]:CLK</cell>
 <cell>net</cell>
 <cell>clk_ibuf_RNIVTI2/U0_RGB1_YR</cell>
 <cell></cell>
 <cell>+</cell>
 <cell>0.317</cell>
 <cell>1.604</cell>
 <cell></cell>
 <cell>r</cell>
</row>
<row>
 <cell>Q[0]:ALn</cell>
 <cell>Library removal time</cell>
 <cell></cell>
 <cell>ADLIB:SLE</cell>
 <cell>+</cell>
 <cell>0.000</cell>
 <cell>1.604</cell>
 <cell></cell>
 <cell></cell>
</row>
<row>
 <cell>data required time</cell>
 <cell></cell>
 <cell></cell>
 <cell></cell>
 <cell></cell>
 <cell></cell>
 <cell>1.604</cell>
 <cell></cell>
 <cell></cell>
</row>
<row>
</row>
<row>
 <cell>Operating Conditions</cell>
 <cell>BEST</cell>
</row>
</table>
</section>
<section>
<name>SET Asynchronous to Register</name>
<text>No Path</text>
</section>
</section>
<section>
<name>Path Set Pin to Pin</name>
<section>
<name>SET Input to Output</name>
<text>No Path</text>
</section>
</section>
<section>
<name>Path Set User Sets</name>
</section>
</doc>
