<?xml version="1.0" encoding="UTF-8" standalone="no" ?>
<?xml-stylesheet href="rptstyle.xsl" type="text/xsl" ?>
<doc>
<title>Timing Report Max Delay Analysis
</title>
<text>SmartTime Version 12.900.20.24</text>
<text>Microsemi Corporation - Microsemi Libero Software Release v12.6 (Version 12.900.20.24)</text>
<text>Date: Sat Nov 18 17:21:18 2023
</text>
<table>
<header>
</header>
<row>
 <cell>Design</cell>
 <cell>HW4_Q3A</cell>
</row>
<row>
 <cell>Family</cell>
 <cell>SmartFusion2</cell>
</row>
<row>
 <cell>Die</cell>
 <cell>M2S010</cell>
</row>
<row>
 <cell>Package</cell>
 <cell>144 TQ</cell>
</row>
<row>
 <cell>Temperature Range</cell>
 <cell>0 - 85 C</cell>
</row>
<row>
 <cell>Voltage Range</cell>
 <cell>1.14 - 1.26 V</cell>
</row>
<row>
 <cell>Speed Grade</cell>
 <cell>STD</cell>
</row>
<row>
 <cell>Design State</cell>
 <cell>Post-Layout</cell>
</row>
<row>
 <cell>Data source</cell>
 <cell>Production</cell>
</row>
<row>
 <cell>Min Operating Conditions</cell>
 <cell>BEST - 1.26 V - 0 C</cell>
</row>
<row>
 <cell>Max Operating Conditions</cell>
 <cell>WORST - 1.14 V - 85 C</cell>
</row>
<row>
 <cell>Scenario for Timing Analysis</cell>
 <cell>timing_analysis</cell>
</row>
</table>
<text></text>
<section>
<name>Summary</name>
<table>
<header>
 <cell>Clock Domain</cell>
 <cell>Period (ns)</cell>
 <cell>Frequency (MHz)</cell>
 <cell>Required Period (ns)</cell>
 <cell>Required Frequency (MHz)</cell>
 <cell>External Setup (ns)</cell>
 <cell>Max Clock-To-Out (ns)</cell>
</header>
<row>
 <cell>clk</cell>
 <cell>2.958</cell>
 <cell>338.066</cell>
 <cell>20.000</cell>
 <cell>50.000</cell>
 <cell>N/A</cell>
 <cell>8.555</cell>
</row>
</table>
<text></text>
<table>
<header>
 <cell></cell>
 <cell>Max Delay (ns)</cell>
</header>
<row>
 <cell>Input to Output</cell>
 <cell>N/A</cell>
</row>
</table>
</section>
<section>
<name>Clock Domain clk</name>
<text></text>
<section>
<name>SET Register to Register</name>
<table>
<header>
 <cell/>
 <cell>From</cell>
 <cell>To</cell>
 <cell>Delay (ns)</cell>
 <cell>Slack (ns)</cell>
 <cell>Arrival (ns)</cell>
 <cell>Required (ns)</cell>
 <cell>Setup (ns)</cell>
 <cell>Minimum Period (ns)</cell>
</header>
<row>
 <cell>Path 1</cell>
 <cell>Q[0]:CLK</cell>
 <cell>Q[23]:D</cell>
 <cell>2.698</cell>
 <cell>17.042</cell>
 <cell>5.534</cell>
 <cell>22.576</cell>
 <cell>0.298</cell>
 <cell>2.958</cell>
</row>
<row>
 <cell>Path 2</cell>
 <cell>Q[0]:CLK</cell>
 <cell>Q[20]:D</cell>
 <cell>2.645</cell>
 <cell>17.081</cell>
 <cell>5.481</cell>
 <cell>22.562</cell>
 <cell>0.298</cell>
 <cell>2.919</cell>
</row>
<row>
 <cell>Path 3</cell>
 <cell>Q[0]:CLK</cell>
 <cell>Q[22]:D</cell>
 <cell>2.629</cell>
 <cell>17.097</cell>
 <cell>5.465</cell>
 <cell>22.562</cell>
 <cell>0.298</cell>
 <cell>2.903</cell>
</row>
<row>
 <cell>Path 4</cell>
 <cell>Q[0]:CLK</cell>
 <cell>Q[19]:D</cell>
 <cell>2.571</cell>
 <cell>17.168</cell>
 <cell>5.407</cell>
 <cell>22.575</cell>
 <cell>0.298</cell>
 <cell>2.832</cell>
</row>
<row>
 <cell>Path 5</cell>
 <cell>Q[0]:CLK</cell>
 <cell>Q[17]:D</cell>
 <cell>2.567</cell>
 <cell>17.172</cell>
 <cell>5.403</cell>
 <cell>22.575</cell>
 <cell>0.298</cell>
 <cell>2.828</cell>
</row>
</table>
<text></text>
<section><name>Expanded Path 1</name></section>
<table>
<header>
 <cell>Pin Name</cell>
 <cell>Type</cell>
 <cell>Net Name</cell>
 <cell>Cell Name</cell>
 <cell>Op</cell>
 <cell>Delay (ns)</cell>
 <cell>Total (ns)</cell>
 <cell>Fanout</cell>
 <cell>Edge</cell>
</header>
<row>
 <cell>From: Q[0]:CLK</cell>
 <cell></cell>
 <cell></cell>
 <cell></cell>
 <cell></cell>
 <cell></cell>
 <cell></cell>
 <cell></cell>
 <cell></cell>
</row>
<row>
 <cell>To: Q[23]:D</cell>
 <cell></cell>
 <cell></cell>
 <cell></cell>
 <cell></cell>
 <cell></cell>
 <cell></cell>
 <cell></cell>
 <cell></cell>
</row>
<row>
 <cell>data required time</cell>
 <cell></cell>
 <cell></cell>
 <cell></cell>
 <cell></cell>
 <cell></cell>
 <cell>22.576</cell>
 <cell></cell>
 <cell></cell>
</row>
<row>
 <cell>data arrival time</cell>
 <cell></cell>
 <cell></cell>
 <cell></cell>
 <cell>-</cell>
 <cell></cell>
 <cell>5.534</cell>
 <cell></cell>
 <cell></cell>
</row>
<row>
 <cell>slack</cell>
 <cell></cell>
 <cell></cell>
 <cell></cell>
 <cell></cell>
 <cell></cell>
 <cell>17.042</cell>
 <cell></cell>
 <cell></cell>
</row>
<row>
</row>
<row>
 <cell>Data arrival time calculation</cell>
 <cell></cell>
 <cell></cell>
 <cell></cell>
 <cell></cell>
 <cell></cell>
 <cell></cell>
 <cell></cell>
 <cell></cell>
</row>
<row>
 <cell>clk</cell>
 <cell></cell>
 <cell></cell>
 <cell></cell>
 <cell></cell>
 <cell>0.000</cell>
 <cell>0.000</cell>
 <cell></cell>
 <cell></cell>
</row>
<row>
 <cell>clk</cell>
 <cell>Clock source</cell>
 <cell></cell>
 <cell></cell>
 <cell>+</cell>
 <cell>0.000</cell>
 <cell>0.000</cell>
 <cell></cell>
 <cell>r</cell>
</row>
<row>
 <cell>clk_ibuf/U0/U_IOPAD:PAD</cell>
 <cell>net</cell>
 <cell>clk</cell>
 <cell></cell>
 <cell>+</cell>
 <cell>0.000</cell>
 <cell>0.000</cell>
 <cell></cell>
 <cell>r</cell>
</row>
<row>
 <cell>clk_ibuf/U0/U_IOPAD:Y</cell>
 <cell>cell</cell>
 <cell></cell>
 <cell>ADLIB:IOPAD_IN</cell>
 <cell>+</cell>
 <cell>1.497</cell>
 <cell>1.497</cell>
 <cell>2</cell>
 <cell>r</cell>
</row>
<row>
 <cell>clk_ibuf_RNIVTI2:An</cell>
 <cell>net</cell>
 <cell>clk_ibuf_Z</cell>
 <cell></cell>
 <cell>+</cell>
 <cell>0.063</cell>
 <cell>1.560</cell>
 <cell></cell>
 <cell>f</cell>
</row>
<row>
 <cell>clk_ibuf_RNIVTI2:YSn</cell>
 <cell>cell</cell>
 <cell></cell>
 <cell>ADLIB:GB</cell>
 <cell>+</cell>
 <cell>0.101</cell>
 <cell>1.661</cell>
 <cell>2</cell>
 <cell>f</cell>
</row>
<row>
 <cell>clk_ibuf_RNIVTI2/U0_RGB1:An</cell>
 <cell>net</cell>
 <cell>clk_ibuf_RNIVTI2/U0_YNn_GSouth</cell>
 <cell></cell>
 <cell>+</cell>
 <cell>0.340</cell>
 <cell>2.001</cell>
 <cell></cell>
 <cell>f</cell>
</row>
<row>
 <cell>clk_ibuf_RNIVTI2/U0_RGB1:YR</cell>
 <cell>cell</cell>
 <cell></cell>
 <cell>ADLIB:RGB</cell>
 <cell>+</cell>
 <cell>0.295</cell>
 <cell>2.296</cell>
 <cell>1</cell>
 <cell>r</cell>
</row>
<row>
 <cell>Q[0]:CLK</cell>
 <cell>net</cell>
 <cell>clk_ibuf_RNIVTI2/U0_RGB1_YR</cell>
 <cell></cell>
 <cell>+</cell>
 <cell>0.540</cell>
 <cell>2.836</cell>
 <cell></cell>
 <cell>r</cell>
</row>
<row>
 <cell>Q[0]:Q</cell>
 <cell>cell</cell>
 <cell></cell>
 <cell>ADLIB:SLE</cell>
 <cell>+</cell>
 <cell>0.127</cell>
 <cell>2.963</cell>
 <cell>3</cell>
 <cell>f</cell>
</row>
<row>
 <cell>Q_s_1:B</cell>
 <cell>net</cell>
 <cell>q_c[0]</cell>
 <cell></cell>
 <cell>+</cell>
 <cell>1.023</cell>
 <cell>3.986</cell>
 <cell></cell>
 <cell>f</cell>
</row>
<row>
 <cell>Q_s_1:P</cell>
 <cell>cell</cell>
 <cell></cell>
 <cell>ADLIB:ARI1_CC</cell>
 <cell>+</cell>
 <cell>0.236</cell>
 <cell>4.222</cell>
 <cell>1</cell>
 <cell>f</cell>
</row>
<row>
 <cell>Q_s_1_CC_0:P[0]</cell>
 <cell>net</cell>
 <cell>NET_CC_CONFIG3</cell>
 <cell></cell>
 <cell>+</cell>
 <cell>0.000</cell>
 <cell>4.222</cell>
 <cell></cell>
 <cell>f</cell>
</row>
<row>
 <cell>Q_s_1_CC_0:CO</cell>
 <cell>cell</cell>
 <cell></cell>
 <cell>ADLIB:CC_CONFIG</cell>
 <cell>+</cell>
 <cell>0.674</cell>
 <cell>4.896</cell>
 <cell>1</cell>
 <cell>r</cell>
</row>
<row>
 <cell>Q_s_1_CC_1:CI</cell>
 <cell>net</cell>
 <cell>CI_TO_CO2</cell>
 <cell></cell>
 <cell>+</cell>
 <cell>0.000</cell>
 <cell>4.896</cell>
 <cell></cell>
 <cell>r</cell>
</row>
<row>
 <cell>Q_s_1_CC_1:CC[11]</cell>
 <cell>cell</cell>
 <cell></cell>
 <cell>ADLIB:CC_CONFIG</cell>
 <cell>+</cell>
 <cell>0.471</cell>
 <cell>5.367</cell>
 <cell>1</cell>
 <cell>r</cell>
</row>
<row>
 <cell>Q_s[23]:CC</cell>
 <cell>net</cell>
 <cell>NET_CC_CONFIG74</cell>
 <cell></cell>
 <cell>+</cell>
 <cell>0.000</cell>
 <cell>5.367</cell>
 <cell></cell>
 <cell>r</cell>
</row>
<row>
 <cell>Q_s[23]:S</cell>
 <cell>cell</cell>
 <cell></cell>
 <cell>ADLIB:ARI1_CC</cell>
 <cell>+</cell>
 <cell>0.078</cell>
 <cell>5.445</cell>
 <cell>1</cell>
 <cell>r</cell>
</row>
<row>
 <cell>Q[23]:D</cell>
 <cell>net</cell>
 <cell>Q_s_Z[23]</cell>
 <cell></cell>
 <cell>+</cell>
 <cell>0.089</cell>
 <cell>5.534</cell>
 <cell></cell>
 <cell>r</cell>
</row>
<row>
 <cell>data arrival time</cell>
 <cell></cell>
 <cell></cell>
 <cell></cell>
 <cell></cell>
 <cell></cell>
 <cell>5.534</cell>
 <cell></cell>
 <cell></cell>
</row>
<row>
</row>
<row>
 <cell>Data required time calculation</cell>
 <cell></cell>
 <cell></cell>
 <cell></cell>
 <cell></cell>
 <cell></cell>
 <cell></cell>
 <cell></cell>
 <cell></cell>
</row>
<row>
 <cell>clk</cell>
 <cell>Clock Constraint</cell>
 <cell></cell>
 <cell></cell>
 <cell></cell>
 <cell>20.000</cell>
 <cell>20.000</cell>
 <cell></cell>
 <cell></cell>
</row>
<row>
 <cell>clk</cell>
 <cell>Clock source</cell>
 <cell></cell>
 <cell></cell>
 <cell>+</cell>
 <cell>0.000</cell>
 <cell>20.000</cell>
 <cell></cell>
 <cell>r</cell>
</row>
<row>
 <cell>clk_ibuf/U0/U_IOPAD:PAD</cell>
 <cell>net</cell>
 <cell>clk</cell>
 <cell></cell>
 <cell>+</cell>
 <cell>0.000</cell>
 <cell>20.000</cell>
 <cell></cell>
 <cell>r</cell>
</row>
<row>
 <cell>clk_ibuf/U0/U_IOPAD:Y</cell>
 <cell>cell</cell>
 <cell></cell>
 <cell>ADLIB:IOPAD_IN</cell>
 <cell>+</cell>
 <cell>1.497</cell>
 <cell>21.497</cell>
 <cell>2</cell>
 <cell>r</cell>
</row>
<row>
 <cell>clk_ibuf_RNIVTI2:An</cell>
 <cell>net</cell>
 <cell>clk_ibuf_Z</cell>
 <cell></cell>
 <cell>+</cell>
 <cell>0.063</cell>
 <cell>21.560</cell>
 <cell></cell>
 <cell>f</cell>
</row>
<row>
 <cell>clk_ibuf_RNIVTI2:YSn</cell>
 <cell>cell</cell>
 <cell></cell>
 <cell>ADLIB:GB</cell>
 <cell>+</cell>
 <cell>0.101</cell>
 <cell>21.661</cell>
 <cell>2</cell>
 <cell>f</cell>
</row>
<row>
 <cell>clk_ibuf_RNIVTI2/U0_RGB1_RGB0:An</cell>
 <cell>net</cell>
 <cell>clk_ibuf_RNIVTI2/U0_YNn_GSouth</cell>
 <cell></cell>
 <cell>+</cell>
 <cell>0.340</cell>
 <cell>22.001</cell>
 <cell></cell>
 <cell>f</cell>
</row>
<row>
 <cell>clk_ibuf_RNIVTI2/U0_RGB1_RGB0:YR</cell>
 <cell>cell</cell>
 <cell></cell>
 <cell>ADLIB:RGB</cell>
 <cell>+</cell>
 <cell>0.295</cell>
 <cell>22.296</cell>
 <cell>23</cell>
 <cell>r</cell>
</row>
<row>
 <cell>Q[23]:CLK</cell>
 <cell>net</cell>
 <cell>clk_ibuf_RNIVTI2/U0_RGB1_RGB0_rgbr_net_1</cell>
 <cell></cell>
 <cell>+</cell>
 <cell>0.578</cell>
 <cell>22.874</cell>
 <cell></cell>
 <cell>r</cell>
</row>
<row>
 <cell>Q[23]:D</cell>
 <cell>Library setup time</cell>
 <cell></cell>
 <cell>ADLIB:SLE</cell>
 <cell>-</cell>
 <cell>0.298</cell>
 <cell>22.576</cell>
 <cell></cell>
 <cell></cell>
</row>
<row>
 <cell>data required time</cell>
 <cell></cell>
 <cell></cell>
 <cell></cell>
 <cell></cell>
 <cell></cell>
 <cell>22.576</cell>
 <cell></cell>
 <cell></cell>
</row>
<row>
</row>
</table>
</section>
<section>
<name>SET External Setup</name>
<text>No Path</text>
</section>
<section>
<name>SET Clock to Output</name>
<table>
<header>
 <cell/>
 <cell>From</cell>
 <cell>To</cell>
 <cell>Delay (ns)</cell>
 <cell>Slack (ns)</cell>
 <cell>Arrival (ns)</cell>
 <cell>Required (ns)</cell>
 <cell>Clock to Out (ns)</cell>
</header>
<row>
 <cell>Path 1</cell>
 <cell>Q[19]:CLK</cell>
 <cell>q[19]</cell>
 <cell>5.664</cell>
 <cell>9.445</cell>
 <cell>8.555</cell>
 <cell>18.000</cell>
 <cell>8.555</cell>
</row>
<row>
 <cell>Path 2</cell>
 <cell>Q[16]:CLK</cell>
 <cell>q[16]</cell>
 <cell>5.610</cell>
 <cell>9.513</cell>
 <cell>8.487</cell>
 <cell>18.000</cell>
 <cell>8.487</cell>
</row>
<row>
 <cell>Path 3</cell>
 <cell>Q[12]:CLK</cell>
 <cell>q[12]</cell>
 <cell>5.597</cell>
 <cell>9.526</cell>
 <cell>8.474</cell>
 <cell>18.000</cell>
 <cell>8.474</cell>
</row>
<row>
 <cell>Path 4</cell>
 <cell>Q[14]:CLK</cell>
 <cell>q[14]</cell>
 <cell>5.586</cell>
 <cell>9.537</cell>
 <cell>8.463</cell>
 <cell>18.000</cell>
 <cell>8.463</cell>
</row>
<row>
 <cell>Path 5</cell>
 <cell>Q[18]:CLK</cell>
 <cell>q[18]</cell>
 <cell>5.544</cell>
 <cell>9.579</cell>
 <cell>8.421</cell>
 <cell>18.000</cell>
 <cell>8.421</cell>
</row>
</table>
<text></text>
<section><name>Expanded Path 1</name></section>
<table>
<header>
 <cell>Pin Name</cell>
 <cell>Type</cell>
 <cell>Net Name</cell>
 <cell>Cell Name</cell>
 <cell>Op</cell>
 <cell>Delay (ns)</cell>
 <cell>Total (ns)</cell>
 <cell>Fanout</cell>
 <cell>Edge</cell>
</header>
<row>
 <cell>From: Q[19]:CLK</cell>
 <cell></cell>
 <cell></cell>
 <cell></cell>
 <cell></cell>
 <cell></cell>
 <cell></cell>
 <cell></cell>
 <cell></cell>
</row>
<row>
 <cell>To: q[19]</cell>
 <cell></cell>
 <cell></cell>
 <cell></cell>
 <cell></cell>
 <cell></cell>
 <cell></cell>
 <cell></cell>
 <cell></cell>
</row>
<row>
 <cell>data required time</cell>
 <cell></cell>
 <cell></cell>
 <cell></cell>
 <cell></cell>
 <cell></cell>
 <cell>18.000</cell>
 <cell></cell>
 <cell></cell>
</row>
<row>
 <cell>data arrival time</cell>
 <cell></cell>
 <cell></cell>
 <cell></cell>
 <cell>-</cell>
 <cell></cell>
 <cell>8.555</cell>
 <cell></cell>
 <cell></cell>
</row>
<row>
 <cell>slack</cell>
 <cell></cell>
 <cell></cell>
 <cell></cell>
 <cell></cell>
 <cell></cell>
 <cell>9.445</cell>
 <cell></cell>
 <cell></cell>
</row>
<row>
</row>
<row>
 <cell>Data arrival time calculation</cell>
 <cell></cell>
 <cell></cell>
 <cell></cell>
 <cell></cell>
 <cell></cell>
 <cell></cell>
 <cell></cell>
 <cell></cell>
</row>
<row>
 <cell>clk</cell>
 <cell></cell>
 <cell></cell>
 <cell></cell>
 <cell></cell>
 <cell>0.000</cell>
 <cell>0.000</cell>
 <cell></cell>
 <cell></cell>
</row>
<row>
 <cell>clk</cell>
 <cell>Clock source</cell>
 <cell></cell>
 <cell></cell>
 <cell>+</cell>
 <cell>0.000</cell>
 <cell>0.000</cell>
 <cell></cell>
 <cell>r</cell>
</row>
<row>
 <cell>clk_ibuf/U0/U_IOPAD:PAD</cell>
 <cell>net</cell>
 <cell>clk</cell>
 <cell></cell>
 <cell>+</cell>
 <cell>0.000</cell>
 <cell>0.000</cell>
 <cell></cell>
 <cell>r</cell>
</row>
<row>
 <cell>clk_ibuf/U0/U_IOPAD:Y</cell>
 <cell>cell</cell>
 <cell></cell>
 <cell>ADLIB:IOPAD_IN</cell>
 <cell>+</cell>
 <cell>1.497</cell>
 <cell>1.497</cell>
 <cell>2</cell>
 <cell>r</cell>
</row>
<row>
 <cell>clk_ibuf_RNIVTI2:An</cell>
 <cell>net</cell>
 <cell>clk_ibuf_Z</cell>
 <cell></cell>
 <cell>+</cell>
 <cell>0.063</cell>
 <cell>1.560</cell>
 <cell></cell>
 <cell>f</cell>
</row>
<row>
 <cell>clk_ibuf_RNIVTI2:YSn</cell>
 <cell>cell</cell>
 <cell></cell>
 <cell>ADLIB:GB</cell>
 <cell>+</cell>
 <cell>0.101</cell>
 <cell>1.661</cell>
 <cell>2</cell>
 <cell>f</cell>
</row>
<row>
 <cell>clk_ibuf_RNIVTI2/U0_RGB1_RGB0:An</cell>
 <cell>net</cell>
 <cell>clk_ibuf_RNIVTI2/U0_YNn_GSouth</cell>
 <cell></cell>
 <cell>+</cell>
 <cell>0.340</cell>
 <cell>2.001</cell>
 <cell></cell>
 <cell>f</cell>
</row>
<row>
 <cell>clk_ibuf_RNIVTI2/U0_RGB1_RGB0:YR</cell>
 <cell>cell</cell>
 <cell></cell>
 <cell>ADLIB:RGB</cell>
 <cell>+</cell>
 <cell>0.295</cell>
 <cell>2.296</cell>
 <cell>23</cell>
 <cell>r</cell>
</row>
<row>
 <cell>Q[19]:CLK</cell>
 <cell>net</cell>
 <cell>clk_ibuf_RNIVTI2/U0_RGB1_RGB0_rgbr_net_1</cell>
 <cell></cell>
 <cell>+</cell>
 <cell>0.595</cell>
 <cell>2.891</cell>
 <cell></cell>
 <cell>r</cell>
</row>
<row>
 <cell>Q[19]:Q</cell>
 <cell>cell</cell>
 <cell></cell>
 <cell>ADLIB:SLE</cell>
 <cell>+</cell>
 <cell>0.127</cell>
 <cell>3.018</cell>
 <cell>2</cell>
 <cell>f</cell>
</row>
<row>
 <cell>q_obuf[19]/U0/U_IOOUTFF:A</cell>
 <cell>net</cell>
 <cell>q_c[19]</cell>
 <cell></cell>
 <cell>+</cell>
 <cell>1.546</cell>
 <cell>4.564</cell>
 <cell></cell>
 <cell>f</cell>
</row>
<row>
 <cell>q_obuf[19]/U0/U_IOOUTFF:Y</cell>
 <cell>cell</cell>
 <cell></cell>
 <cell>ADLIB:IOOUTFF_BYPASS</cell>
 <cell>+</cell>
 <cell>0.388</cell>
 <cell>4.952</cell>
 <cell>1</cell>
 <cell>f</cell>
</row>
<row>
 <cell>q_obuf[19]/U0/U_IOPAD:D</cell>
 <cell>net</cell>
 <cell>q_obuf[19]/U0/DOUT</cell>
 <cell></cell>
 <cell>+</cell>
 <cell>0.425</cell>
 <cell>5.377</cell>
 <cell></cell>
 <cell>f</cell>
</row>
<row>
 <cell>q_obuf[19]/U0/U_IOPAD:PAD</cell>
 <cell>cell</cell>
 <cell></cell>
 <cell>ADLIB:IOPAD_TRI</cell>
 <cell>+</cell>
 <cell>3.178</cell>
 <cell>8.555</cell>
 <cell>0</cell>
 <cell>f</cell>
</row>
<row>
 <cell>q[19]</cell>
 <cell>net</cell>
 <cell>q[19]</cell>
 <cell></cell>
 <cell>+</cell>
 <cell>0.000</cell>
 <cell>8.555</cell>
 <cell></cell>
 <cell>f</cell>
</row>
<row>
 <cell>data arrival time</cell>
 <cell></cell>
 <cell></cell>
 <cell></cell>
 <cell></cell>
 <cell></cell>
 <cell>8.555</cell>
 <cell></cell>
 <cell></cell>
</row>
<row>
</row>
<row>
 <cell>Data required time calculation</cell>
 <cell></cell>
 <cell></cell>
 <cell></cell>
 <cell></cell>
 <cell></cell>
 <cell></cell>
 <cell></cell>
 <cell></cell>
</row>
<row>
 <cell>clk</cell>
 <cell>Clock Constraint</cell>
 <cell></cell>
 <cell></cell>
 <cell></cell>
 <cell>20.000</cell>
 <cell>20.000</cell>
 <cell></cell>
 <cell></cell>
</row>
<row>
 <cell>clk</cell>
 <cell>Clock source</cell>
 <cell></cell>
 <cell></cell>
 <cell>+</cell>
 <cell>0.000</cell>
 <cell>20.000</cell>
 <cell></cell>
 <cell>r</cell>
</row>
<row>
 <cell>q[19]</cell>
 <cell>Output Delay Constraint</cell>
 <cell></cell>
 <cell></cell>
 <cell>-</cell>
 <cell>2.000</cell>
 <cell>18.000</cell>
 <cell></cell>
 <cell>f</cell>
</row>
<row>
 <cell>data required time</cell>
 <cell></cell>
 <cell></cell>
 <cell></cell>
 <cell></cell>
 <cell></cell>
 <cell>18.000</cell>
 <cell></cell>
 <cell></cell>
</row>
<row>
</row>
</table>
</section>
<section>
<name>SET Register to Asynchronous</name>
<text>No Path</text>
</section>
<section>
<name>SET External Recovery</name>
<table>
<header>
 <cell/>
 <cell>From</cell>
 <cell>To</cell>
 <cell>Delay (ns)</cell>
 <cell>Slack (ns)</cell>
 <cell>Arrival (ns)</cell>
 <cell>Required (ns)</cell>
 <cell>Recovery (ns)</cell>
 <cell>External Recovery (ns)</cell>
</header>
<row>
 <cell>Path 1</cell>
 <cell>rst_n</cell>
 <cell>Q[12]:ALn</cell>
 <cell>3.125</cell>
 <cell>19.241</cell>
 <cell>3.135</cell>
 <cell>22.376</cell>
 <cell>0.415</cell>
 <cell>0.749</cell>
</row>
<row>
 <cell>Path 2</cell>
 <cell>rst_n</cell>
 <cell>Q[14]:ALn</cell>
 <cell>3.125</cell>
 <cell>19.241</cell>
 <cell>3.135</cell>
 <cell>22.376</cell>
 <cell>0.415</cell>
 <cell>0.749</cell>
</row>
<row>
 <cell>Path 3</cell>
 <cell>rst_n</cell>
 <cell>Q[16]:ALn</cell>
 <cell>3.125</cell>
 <cell>19.241</cell>
 <cell>3.135</cell>
 <cell>22.376</cell>
 <cell>0.415</cell>
 <cell>0.749</cell>
</row>
<row>
 <cell>Path 4</cell>
 <cell>rst_n</cell>
 <cell>Q[18]:ALn</cell>
 <cell>3.125</cell>
 <cell>19.241</cell>
 <cell>3.135</cell>
 <cell>22.376</cell>
 <cell>0.415</cell>
 <cell>0.749</cell>
</row>
<row>
 <cell>Path 5</cell>
 <cell>rst_n</cell>
 <cell>Q[20]:ALn</cell>
 <cell>3.125</cell>
 <cell>19.241</cell>
 <cell>3.135</cell>
 <cell>22.376</cell>
 <cell>0.415</cell>
 <cell>0.749</cell>
</row>
</table>
<text></text>
<section><name>Expanded Path 1</name></section>
<table>
<header>
 <cell>Pin Name</cell>
 <cell>Type</cell>
 <cell>Net Name</cell>
 <cell>Cell Name</cell>
 <cell>Op</cell>
 <cell>Delay (ns)</cell>
 <cell>Total (ns)</cell>
 <cell>Fanout</cell>
 <cell>Edge</cell>
</header>
<row>
 <cell>From: rst_n</cell>
 <cell></cell>
 <cell></cell>
 <cell></cell>
 <cell></cell>
 <cell></cell>
 <cell></cell>
 <cell></cell>
 <cell></cell>
</row>
<row>
 <cell>To: Q[12]:ALn</cell>
 <cell></cell>
 <cell></cell>
 <cell></cell>
 <cell></cell>
 <cell></cell>
 <cell></cell>
 <cell></cell>
 <cell></cell>
</row>
<row>
 <cell>data required time</cell>
 <cell></cell>
 <cell></cell>
 <cell></cell>
 <cell></cell>
 <cell></cell>
 <cell>22.376</cell>
 <cell></cell>
 <cell></cell>
</row>
<row>
 <cell>data arrival time</cell>
 <cell></cell>
 <cell></cell>
 <cell></cell>
 <cell>-</cell>
 <cell></cell>
 <cell>3.135</cell>
 <cell></cell>
 <cell></cell>
</row>
<row>
 <cell>slack</cell>
 <cell></cell>
 <cell></cell>
 <cell></cell>
 <cell></cell>
 <cell></cell>
 <cell>19.241</cell>
 <cell></cell>
 <cell></cell>
</row>
<row>
</row>
<row>
 <cell>Data arrival time calculation</cell>
 <cell></cell>
 <cell></cell>
 <cell></cell>
 <cell></cell>
 <cell></cell>
 <cell></cell>
 <cell></cell>
 <cell></cell>
</row>
<row>
 <cell>clk</cell>
 <cell></cell>
 <cell></cell>
 <cell></cell>
 <cell></cell>
 <cell>0.000</cell>
 <cell>0.000</cell>
 <cell></cell>
 <cell></cell>
</row>
<row>
 <cell>rst_n</cell>
 <cell>Input Delay Constraint</cell>
 <cell></cell>
 <cell></cell>
 <cell>+</cell>
 <cell>0.010</cell>
 <cell>0.010</cell>
 <cell></cell>
 <cell>r</cell>
</row>
<row>
 <cell>rst_n_ibuf/U0/U_IOPAD:PAD</cell>
 <cell>net</cell>
 <cell>rst_n</cell>
 <cell></cell>
 <cell>+</cell>
 <cell>0.000</cell>
 <cell>0.010</cell>
 <cell></cell>
 <cell>r</cell>
</row>
<row>
 <cell>rst_n_ibuf/U0/U_IOPAD:Y</cell>
 <cell>cell</cell>
 <cell></cell>
 <cell>ADLIB:IOPAD_IN</cell>
 <cell>+</cell>
 <cell>1.497</cell>
 <cell>1.507</cell>
 <cell>2</cell>
 <cell>r</cell>
</row>
<row>
 <cell>rst_n_ibuf_RNIBNDC:An</cell>
 <cell>net</cell>
 <cell>rst_n_ibuf_Z</cell>
 <cell></cell>
 <cell>+</cell>
 <cell>0.260</cell>
 <cell>1.767</cell>
 <cell></cell>
 <cell>f</cell>
</row>
<row>
 <cell>rst_n_ibuf_RNIBNDC:YSn</cell>
 <cell>cell</cell>
 <cell></cell>
 <cell>ADLIB:GB</cell>
 <cell>+</cell>
 <cell>0.101</cell>
 <cell>1.868</cell>
 <cell>2</cell>
 <cell>f</cell>
</row>
<row>
 <cell>rst_n_ibuf_RNIBNDC/U0_RGB1_RGB0:An</cell>
 <cell>net</cell>
 <cell>rst_n_ibuf_RNIBNDC/U0_YNn_GSouth</cell>
 <cell></cell>
 <cell>+</cell>
 <cell>0.348</cell>
 <cell>2.216</cell>
 <cell></cell>
 <cell>f</cell>
</row>
<row>
 <cell>rst_n_ibuf_RNIBNDC/U0_RGB1_RGB0:YR</cell>
 <cell>cell</cell>
 <cell></cell>
 <cell>ADLIB:RGB</cell>
 <cell>+</cell>
 <cell>0.295</cell>
 <cell>2.511</cell>
 <cell>23</cell>
 <cell>r</cell>
</row>
<row>
 <cell>Q[12]:ALn</cell>
 <cell>net</cell>
 <cell>rst_n_ibuf_RNIBNDC/U0_RGB1_RGB0_rgbr_net_1</cell>
 <cell></cell>
 <cell>+</cell>
 <cell>0.624</cell>
 <cell>3.135</cell>
 <cell></cell>
 <cell>r</cell>
</row>
<row>
 <cell>data arrival time</cell>
 <cell></cell>
 <cell></cell>
 <cell></cell>
 <cell></cell>
 <cell></cell>
 <cell>3.135</cell>
 <cell></cell>
 <cell></cell>
</row>
<row>
</row>
<row>
 <cell>Data required time calculation</cell>
 <cell></cell>
 <cell></cell>
 <cell></cell>
 <cell></cell>
 <cell></cell>
 <cell></cell>
 <cell></cell>
 <cell></cell>
</row>
<row>
 <cell>clk</cell>
 <cell>Clock Constraint</cell>
 <cell></cell>
 <cell></cell>
 <cell></cell>
 <cell>20.000</cell>
 <cell>20.000</cell>
 <cell></cell>
 <cell></cell>
</row>
<row>
 <cell>clk</cell>
 <cell>Clock source</cell>
 <cell></cell>
 <cell></cell>
 <cell>+</cell>
 <cell>0.000</cell>
 <cell>20.000</cell>
 <cell></cell>
 <cell>r</cell>
</row>
<row>
 <cell>clk_ibuf/U0/U_IOPAD:PAD</cell>
 <cell>net</cell>
 <cell>clk</cell>
 <cell></cell>
 <cell>+</cell>
 <cell>0.000</cell>
 <cell>20.000</cell>
 <cell></cell>
 <cell>r</cell>
</row>
<row>
 <cell>clk_ibuf/U0/U_IOPAD:Y</cell>
 <cell>cell</cell>
 <cell></cell>
 <cell>ADLIB:IOPAD_IN</cell>
 <cell>+</cell>
 <cell>1.452</cell>
 <cell>21.452</cell>
 <cell>2</cell>
 <cell>r</cell>
</row>
<row>
 <cell>clk_ibuf_RNIVTI2:An</cell>
 <cell>net</cell>
 <cell>clk_ibuf_Z</cell>
 <cell></cell>
 <cell>+</cell>
 <cell>0.061</cell>
 <cell>21.513</cell>
 <cell></cell>
 <cell>f</cell>
</row>
<row>
 <cell>clk_ibuf_RNIVTI2:YSn</cell>
 <cell>cell</cell>
 <cell></cell>
 <cell>ADLIB:GB</cell>
 <cell>+</cell>
 <cell>0.098</cell>
 <cell>21.611</cell>
 <cell>2</cell>
 <cell>f</cell>
</row>
<row>
 <cell>clk_ibuf_RNIVTI2/U0_RGB1_RGB0:An</cell>
 <cell>net</cell>
 <cell>clk_ibuf_RNIVTI2/U0_YNn_GSouth</cell>
 <cell></cell>
 <cell>+</cell>
 <cell>0.330</cell>
 <cell>21.941</cell>
 <cell></cell>
 <cell>f</cell>
</row>
<row>
 <cell>clk_ibuf_RNIVTI2/U0_RGB1_RGB0:YR</cell>
 <cell>cell</cell>
 <cell></cell>
 <cell>ADLIB:RGB</cell>
 <cell>+</cell>
 <cell>0.286</cell>
 <cell>22.227</cell>
 <cell>23</cell>
 <cell>r</cell>
</row>
<row>
 <cell>Q[12]:CLK</cell>
 <cell>net</cell>
 <cell>clk_ibuf_RNIVTI2/U0_RGB1_RGB0_rgbr_net_1</cell>
 <cell></cell>
 <cell>+</cell>
 <cell>0.564</cell>
 <cell>22.791</cell>
 <cell></cell>
 <cell>r</cell>
</row>
<row>
 <cell>Q[12]:ALn</cell>
 <cell>Library recovery time</cell>
 <cell></cell>
 <cell>ADLIB:SLE</cell>
 <cell>-</cell>
 <cell>0.415</cell>
 <cell>22.376</cell>
 <cell></cell>
 <cell></cell>
</row>
<row>
 <cell>data required time</cell>
 <cell></cell>
 <cell></cell>
 <cell></cell>
 <cell></cell>
 <cell></cell>
 <cell>22.376</cell>
 <cell></cell>
 <cell></cell>
</row>
<row>
</row>
</table>
</section>
<section>
<name>SET Asynchronous to Register</name>
<text>No Path</text>
</section>
</section>
<section>
<name>Path Set Pin to Pin</name>
<section>
<name>SET Input to Output</name>
<text>No Path</text>
</section>
</section>
<section>
<name>Path Set User Sets</name>
</section>
</doc>
